0,3,0.0
0,3,0.0
0,3,0.0
0,3,0.0
0,3,0.0
0,3,0.0
0,3,0.0
0,3,0.0
0,3,0.0
0,3,0.0
0,3,0.0
0,3,0.0
0,3,0.0
0,3,0.0
0,3,0.0
0,3,0.0
0,3,0.0
0,3,0.0
0,3,0.0
0,3,0.0
0,3,0.0
0,3,0.0
0,3,0.0
0,3,0.0
0,3,0.0
0,3,0.0
0,3,0.0
0,3,0.0
0,3,0.0
0,3,0.0
0,3,0.0
0,3,0.0
0,3,0.0
0,3,0.0
0,3,0.0
0,3,0.0
0,3,0.0
0,3,0.0
0,3,0.0
0,3,0.0
0,3,0.0
0,3,0.0
0,3,0.0
0,3,0.0
0,3,0.0
0,3,0.0
0,3,0.0
0,3,0.0
0,3,0.0
0,3,0.0
0,3,0.0
0,3,0.0
0,3,0.0
0,3,0.0
0,3,0.0
0,3,0.0
0,3,0.0
0,3,0.0
0,3,0.0
0,3,0.0
0,3,0.0
0,3,0.0
0,3,0.0
0,3,0.0
0,3,0.0
0,3,0.0
0,3,0.0
0,3,0.0
0,3,0.0
0,3,0.0
0,3,0.0
0,3,0.0
0,3,0.0
0,3,0.0
0,3,0.0
0,3,0.0
0,3,0.0
0,3,0.0
0,3,0.0
0,3,0.0
0,3,0.0
0,3,0.0
0,3,0.0
0,3,0.0
0,3,0.0
0,3,0.0
0,3,0.0
0,3,0.0
0,3,0.0
0,3,0.0
0,3,0.0
0,3,0.0
0,3,0.0
0,3,0.0
0,3,0.0
0,3,0.0
0,3,0.0
0,3,0.0
0,3,0.0
0,3,0.0
10.0,3,0.0010954307878834335
10.0,3,0.18327539663494274
10.0,3,0.09110273713170614
10.0,3,0.045115134358508335
10.0,3,0.059754113372797235
10.0,3,0.0046720978150220915
10.0,3,0.2847182736252374
10.0,3,0.029750923659231265
10.0,3,0.07845492437432089
10.0,3,0.16617196530008638
10.0,3,0.1015842806516929
10.0,3,0.10977561670971836
10.0,3,0.03358313465942242
10.0,3,0.17933088830181365
10.0,3,0.12718638969962326
10.0,3,0.11131886458554563
10.0,3,0.03668078878163561
10.0,3,0.05607298725437193
10.0,3,0.14018238293542007
10.0,3,0.04303750431143438
10.0,3,0.02009234279824046
10.0,3,0.03195502759220403
10.0,3,0.05083731264835478
10.0,3,0.05760789068870764
10.0,3,0.0361614714384908
10.0,3,0.15904959230318383
10.0,3,0.1568801443269785
10.0,3,0.10895896042236064
10.0,3,0.029449242812961796
10.0,3,0.1813889056685345
10.0,3,0.011645107918407671
10.0,3,0.11653397019054035
10.0,3,0.04678489907678118
10.0,3,0.13117020944629232
10.0,3,0.002500860068372024
10.0,3,0.0014655880686347267
10.0,3,0.05852966618912525
10.0,3,0.09043321302300722
10.0,3,0.14033752365242158
10.0,3,0.1469179110413883
10.0,3,0.016147622151513552
10.0,3,0.1913803578919273
10.0,3,0.038608118081877585
10.0,3,0.07675680848520994
10.0,3,0.0805861996346855
10.0,3,0.04289992960684019
10.0,3,0.08798534017816584
10.0,3,0.25363578988734314
10.0,3,0.04452550332940497
10.0,3,0.12783135745576857
10.0,3,0.12160032728927384
10.0,3,0.03410960072306324
10.0,3,0.11624010469165214
10.0,3,0.0765803507845062
10.0,3,0.11362626348665739
10.0,3,0.08402593259299662
10.0,3,0.009306065938776698
10.0,3,0.11274040834830545
10.0,3,0.009423687324101149
10.0,3,0.14393602797188265
10.0,3,0.07646298189108025
10.0,3,0.07847488063852248
10.0,3,0.07644333526911495
10.0,3,0.048554081501317015
10.0,3,0.06805538262948829
10.0,3,0.08959635277276323
10.0,3,0.05639667391804126
10.0,3,0.030695235964742995
10.0,3,0.0159148215785323
10.0,3,0.08298377194410644
10.0,3,0.07143210035188519
10.0,3,0.08136771764786843
10.0,3,0.06204617040242111
10.0,3,0.03495086270426917
10.0,3,0.0021919677358956946
10.0,3,0.06971666475058003
10.0,3,0.11619256209237872
10.0,3,0.04500220135160271
10.0,3,0.17440048197424707
10.0,3,0.03903355337285053
10.0,3,0.018374049023844652
10.0,3,0.020025559435038254
10.0,3,0.04729609852632066
10.0,3,0.08656994215151625
10.0,3,0.03987091696349143
10.0,3,0.06286513833943497
10.0,3,0.04010483055723135
10.0,3,0.02915989634376359
10.0,3,0.10816285755228172
10.0,3,0.006211314616236141
10.0,3,0.09808793850771913
10.0,3,0.0770706287054237
10.0,3,0.040513368359887725
10.0,3,0.03611538338058917
10.0,3,0.12710290375351097
10.0,3,0.07954068971182027
10.0,3,0.04942595450086307
10.0,3,0.07352326737438553
10.0,3,0.1692359243900876
10.0,3,0.14079625829460252
20.0,3,0.04392633197791085
20.0,3,0.47111771275805836
20.0,3,0.052548472897652854
20.0,3,0.02849845840243237
20.0,3,0.022243253487578052
20.0,3,0.018930301795876847
20.0,3,0.40978150076116515
20.0,3,0.13347479395163475
20.0,3,0.12465994497162969
20.0,3,0.17230791342966345
20.0,3,0.08947569916022635
20.0,3,0.004781454303034671
20.0,3,0.33533580605709323
20.0,3,0.043547788126764075
20.0,3,0.03948774025108781
20.0,3,0.06075868150094754
20.0,3,0.055910520170666445
20.0,3,0.08087702149665699
20.0,3,0.045109417970953025
20.0,3,0.043586714445986274
20.0,3,0.029901179892560137
20.0,3,0.1773261826287751
20.0,3,0.24587620160336288
20.0,3,0.10239636260482943
20.0,3,0.12817046980860436
20.0,3,0.020992573478634036
20.0,3,0.1422682964176376
20.0,3,0.30061860604066215
20.0,3,0.04340656522365194
20.0,3,0.19409408559229435
20.0,3,0.04604522089120744
20.0,3,0.05737838835933129
20.0,3,0.016437710552327456
20.0,3,0.07673711228697089
20.0,3,0.04525453193311346
20.0,3,0.010399794416552144
20.0,3,0.014968842053309395
20.0,3,0.04514153499919571
20.0,3,0.17201649554550524
20.0,3,0.11377029070509925
20.0,3,0.006646096351053732
20.0,3,0.15566694579463025
20.0,3,0.01996996220445668
20.0,3,0.059204893914015955
20.0,3,0.02259857544928945
20.0,3,0.017943895887142514
20.0,3,0.20851231395838266
20.0,3,0.15166186080052757
20.0,3,0.09421230358370192
20.0,3,0.09291090311601824
20.0,3,0.2070400102286225
20.0,3,0.07549822552725294
20.0,3,0.12509627342739993
20.0,3,0.07384748618621995
20.0,3,0.08287597115704681
20.0,3,0.16954290469537803
20.0,3,0.10615405830265434
20.0,3,0.3166475998052696
20.0,3,0.06819817031209974
20.0,3,0.2128889863885952
20.0,3,0.025187232682307048
20.0,3,0.09137437766063883
20.0,3,0.19233131003692439
20.0,3,0.06682676890051908
20.0,3,0.021130902895401427
20.0,3,0.13293273898763047
20.0,3,0.0630644274012786
20.0,3,0.1365005812719362
20.0,3,0.05174641476045361
20.0,3,0.07619056260825907
20.0,3,0.01621081745449704
20.0,3,0.19302583951331442
20.0,3,0.10811188141060857
20.0,3,0.07408789309040609
20.0,3,0.015333962080593455
20.0,3,0.22509462389892576
20.0,3,0.1538791119411398
20.0,3,0.15869947819241403
20.0,3,0.020221240472751756
20.0,3,0.10495277941498937
20.0,3,0.1664885577300934
20.0,3,0.1405246804697593
20.0,3,0.2120217805741671
20.0,3,0.18546506197794388
20.0,3,0.04926323679609457
20.0,3,0.02449762784448639
20.0,3,0.02566714235714951
20.0,3,0.015296344019064989
20.0,3,0.21069025016154797
20.0,3,0.015204078385931297
20.0,3,0.21402024123168317
20.0,3,0.24698704844082364
20.0,3,0.02305872203939341
20.0,3,0.07483941818003537
20.0,3,0.16682942016580338
20.0,3,0.1054841692675863
20.0,3,0.0644073621912078
20.0,3,0.003175788408422253
20.0,3,0.2255439379725801
20.0,3,0.0863096999342261
30.0,3,0.09726572350676843
30.0,3,0.6244523754169484
30.0,3,0.08574687495138766
30.0,3,0.030948182025854365
30.0,3,0.023737045573140048
30.0,3,0.005034879503963641
30.0,3,0.32729985914514437
30.0,3,0.09648811887842346
30.0,3,0.20286693051601068
30.0,3,0.4210038066889923
30.0,3,0.10398002463469513
30.0,3,0.0260460814090977
30.0,3,0.2399785693634504
30.0,3,0.0076106216080282785
30.0,3,0.17034098981628132
30.0,3,0.3138221764343263
30.0,3,0.1874923262752608
30.0,3,0.11202131839009155
30.0,3,0.031608663742213494
30.0,3,0.06368734880631788
30.0,3,0.008959021386021782
30.0,3,0.45503593584085067
30.0,3,0.26998164059893837
30.0,3,0.19447807419846974
30.0,3,0.0300322855145132
30.0,3,0.10650514533403488
30.0,3,0.012731759556573685
30.0,3,0.18353875652548535
30.0,3,0.09224078982233985
30.0,3,0.17548522585814785
30.0,3,0.0908352849899039
30.0,3,0.09999160748270608
30.0,3,0.04875753069448319
30.0,3,0.039556301294398466
30.0,3,0.11096137518140692
30.0,3,0.09347850100196631
30.0,3,0.12383677529922377
30.0,3,0.019044542478833026
30.0,3,0.23098967782960234
30.0,3,0.22155470454435688
30.0,3,0.16358438201949355
30.0,3,0.3755682336511912
30.0,3,0.020408675956475886
30.0,3,0.013489576327231578
30.0,3,0.07423032988205458
30.0,3,0.15657334846191828
30.0,3,0.3665239941199152
30.0,3,0.2925697367314193
30.0,3,0.056132597836338505
30.0,3,0.09506402091920751
30.0,3,0.36827920999763775
30.0,3,0.16212567480212936
30.0,3,0.1919359449168132
30.0,3,0.1682461953623844
30.0,3,0.18927030620375707
30.0,3,0.10239985867087986
30.0,3,0.19603390408727073
30.0,3,0.23912380472516936
30.0,3,0.12412363492754785
30.0,3,0.25019034126039985
30.0,3,0.029164751769458874
30.0,3,0.2855283718603676
30.0,3,0.3756078931973983
30.0,3,0.09479386464503747
30.0,3,0.01862407477340522
30.0,3,0.004311648712063132
30.0,3,0.0517858946448051
30.0,3,0.33529440656288756
30.0,3,0.2274089224075091
30.0,3,0.143619026162904
30.0,3,0.0646935620548783
30.0,3,0.12704978832754055
30.0,3,0.0687651774133835
30.0,3,0.10303923800690651
30.0,3,0.10852025205101468
30.0,3,0.022058664508110226
30.0,3,0.08536342200550884
30.0,3,0.03636722395861325
30.0,3,0.000478802638890663
30.0,3,0.18003287214638375
30.0,3,0.1059815879206969
30.0,3,0.1740425072522651
30.0,3,0.5956200991702483
30.0,3,0.09370440504371036
30.0,3,0.02324251277365086
30.0,3,0.040999721993051796
30.0,3,0.10250754328045764
30.0,3,0.1802247818299767
30.0,3,0.5288153173890104
30.0,3,0.18138752468270702
30.0,3,0.2952032610733317
30.0,3,0.22004545711040624
30.0,3,0.12699931827758215
30.0,3,0.026869922144354685
30.0,3,0.340904614461099
30.0,3,0.04633625099553207
30.0,3,0.001091398752617323
30.0,3,0.13003909633141308
30.0,3,0.12078018420891201
30.0,3,0.2470816279907475
40.0,3,0.11383149995623443
40.0,3,0.5852100937002858
40.0,3,0.22281635655430465
40.0,3,0.3920164038375047
40.0,3,0.016696048412781828
40.0,3,0.016595509349584425
40.0,3,0.08360107361684577
40.0,3,0.41250804553367093
40.0,3,0.05072721113994749
40.0,3,0.5274161391921659
40.0,3,0.049254435693191656
40.0,3,0.036303660654596115
40.0,3,0.3368458047490961
40.0,3,0.31332526940524064
40.0,3,0.12777150841773466
40.0,3,0.4076601823014121
40.0,3,0.11156794685742177
40.0,3,0.19306151777939995
40.0,3,0.014560071152136977
40.0,3,0.058256601667771246
40.0,3,0.1368608970891101
40.0,3,0.2181069849926507
40.0,3,0.13419260573233505
40.0,3,0.18102033985039467
40.0,3,0.08567975149797569
40.0,3,0.3291192503930782
40.0,3,0.07914177592342364
40.0,3,0.28994464430830735
40.0,3,0.1242180490501914
40.0,3,0.1451662642484277
40.0,3,0.06356860786713758
40.0,3,0.04225057631150975
40.0,3,0.018617721844107926
40.0,3,0.16936409977658196
40.0,3,0.16384507453795027
40.0,3,0.13897907061046322
40.0,3,0.06827059953179049
40.0,3,0.5336576537773077
40.0,3,0.31734068818164385
40.0,3,0.0335411239628729
40.0,3,0.2957631479402796
40.0,3,0.4365373892952116
40.0,3,0.2017163118162415
40.0,3,0.01310959839316439
40.0,3,0.0031901553947975003
40.0,3,0.2828605705130194
40.0,3,0.1165515012601297
40.0,3,0.09836304174299348
40.0,3,0.16974845979105968
40.0,3,0.05461746414603841
40.0,3,0.013476530585661006
40.0,3,0.09609278888699802
40.0,3,0.1662600782741599
40.0,3,0.420714585368652
40.0,3,0.059459513078852666
40.0,3,0.011847262100239231
40.0,3,0.398214190008531
40.0,3,0.09688971627745602
40.0,3,0.02202452911970587
40.0,3,0.13936255023807176
40.0,3,0.4963821640629438
40.0,3,0.21283015269991257
40.0,3,0.28351040485207246
40.0,3,0.13635962963457926
40.0,3,0.3053291072337121
40.0,3,0.25571507128633053
40.0,3,0.031233047179965112
40.0,3,0.12121734770411141
40.0,3,0.3240558013190049
40.0,3,0.07274650360772794
40.0,3,0.013290089422915763
40.0,3,0.0004217014363350202
40.0,3,0.10464534707762674
40.0,3,0.25360160333628334
40.0,3,0.02092709441763896
40.0,3,0.34216452668759256
40.0,3,0.29437252380735934
40.0,3,0.10925856060402372
40.0,3,0.08755452216494852
40.0,3,0.1369844808337488
40.0,3,0.2636656482365072
40.0,3,0.11362492841721528
40.0,3,0.2942625935046781
40.0,3,0.10780028801809038
40.0,3,0.10206693069204453
40.0,3,0.20471987370278644
40.0,3,0.20455269016135968
40.0,3,0.33213840851783116
40.0,3,0.04448855358704984
40.0,3,0.10002420398541778
40.0,3,0.4842253444368314
40.0,3,0.20598021865803728
40.0,3,0.09789007055046017
40.0,3,0.043223796594170416
40.0,3,0.7894889338477324
40.0,3,0.051241264345813775
40.0,3,0.048010513814402245
40.0,3,0.006299302773501658
40.0,3,0.2262246603022442
40.0,3,0.26100932385259057
50.0,3,0.015453698201498778
50.0,3,0.5944939979663655
50.0,3,0.02392684450610938
50.0,3,0.8747326784342491
50.0,3,0.1900549180970894
50.0,3,0.053183717354455595
50.0,3,0.1148366602676294
50.0,3,0.17901551509962665
50.0,3,0.35248941413047996
50.0,3,0.5076028075752239
50.0,3,0.28085644902020723
50.0,3,0.07991285339196885
50.0,3,0.3202922096383296
50.0,3,0.10118527203722305
50.0,3,0.012123714302750166
50.0,3,0.6969606405566626
50.0,3,0.013601042477302983
50.0,3,0.05947167498502859
50.0,3,0.21967789410819316
50.0,3,0.09801404899538113
50.0,3,0.09340303209135792
50.0,3,0.2681650998854579
50.0,3,0.2562282431060874
50.0,3,0.20217121874214206
50.0,3,0.18460645713335921
50.0,3,0.5911949686093507
50.0,3,0.10223597916686611
50.0,3,0.20576485528149568
50.0,3,0.5360332835670367
50.0,3,0.15630494166671927
50.0,3,0.3267050526444413
50.0,3,0.05640183387549236
50.0,3,0.12139465493823653
50.0,3,0.1535768952930554
50.0,3,0.06115810049750392
50.0,3,0.0888747833861796
50.0,3,0.17482880202336792
50.0,3,0.3807076848015356
50.0,3,0.1849478328093035
50.0,3,0.19812735155332284
50.0,3,0.23331747305694028
50.0,3,0.4241292214203565
50.0,3,0.25810092529512785
50.0,3,0.058216306145183694
50.0,3,0.392640356306619
50.0,3,0.3211289472918728
50.0,3,0.04076975309766784
50.0,3,0.3840868028334965
50.0,3,0.08783868198561606
50.0,3,0.07743441066521406
50.0,3,0.0625678333991404
50.0,3,0.05312186935327068
50.0,3,0.16526401768669485
50.0,3,0.6526749534694165
50.0,3,0.07556308441168191
50.0,3,0.16743629384758751
50.0,3,0.37968188981546014
50.0,3,0.23373683269552759
50.0,3,0.4124924048884555
50.0,3,0.28808810314610067
50.0,3,0.4782614513592929
50.0,3,0.28244958493553973
50.0,3,0.13720957208817008
50.0,3,0.11006622888279871
50.0,3,0.22306150938266445
50.0,3,0.34587956121865604
50.0,3,0.1650323482118714
50.0,3,0.11429645534155375
50.0,3,0.1931343552067073
50.0,3,0.2171856290666101
50.0,3,0.23162699190019786
50.0,3,0.06520865095349127
50.0,3,0.2631746624188578
50.0,3,0.4651589979562081
50.0,3,0.058731879719080116
50.0,3,0.31978133009063914
50.0,3,0.10933802769216516
50.0,3,0.10010385506855268
50.0,3,0.36013141057079157
50.0,3,0.2895935780599652
50.0,3,0.218661094923156
50.0,3,0.004118938944682071
50.0,3,0.12853190703282502
50.0,3,0.1950176443477436
50.0,3,0.3421092141899731
50.0,3,0.5349610183716038
50.0,3,0.27058863762889906
50.0,3,0.5343493997884443
50.0,3,0.05298080080878975
50.0,3,0.19504323989920902
50.0,3,0.49557417845341467
50.0,3,0.013651314744059562
50.0,3,0.28079257191885665
50.0,3,0.2007296272277328
50.0,3,0.7935331498467617
50.0,3,0.029031758962433152
50.0,3,0.33326414307164853
50.0,3,0.2993214451618149
50.0,3,0.523937291918354
50.0,3,0.03947704865411428
60.0,3,0.027372583495141267
60.0,3,0.6206007661723607
60.0,3,0.06769960007293419
60.0,3,0.7391334360584421
60.0,3,0.265566512252422
60.0,3,0.20969438674172558
60.0,3,0.09023733316834637
60.0,3,0.19097241542586563
60.0,3,0.6401880067784247
60.0,3,0.5686329318477252
60.0,3,0.6626441332925266
60.0,3,0.21296118607131476
60.0,3,0.41524940456442705
60.0,3,0.05224419674728775
60.0,3,0.5452718886100651
60.0,3,0.7159866226877689
60.0,3,0.15358557475219836
60.0,3,0.10847940849621951
60.0,3,0.04325202648093818
60.0,3,0.04723048820535247
60.0,3,0.10847091766022254
60.0,3,0.1882591436355492
60.0,3,0.5762411432015568
60.0,3,0.23103234809428796
60.0,3,0.28789044418761645
60.0,3,0.07216567990693301
60.0,3,0.021800171014568548
60.0,3,0.025447990112214214
60.0,3,0.41557846017697697
60.0,3,0.32300397351425536
60.0,3,0.3229618224479385
60.0,3,0.3910629944003734
60.0,3,0.3170855038173599
60.0,3,0.11205738825133382
60.0,3,0.1994185758140734
60.0,3,0.21884647219990683
60.0,3,0.02245159613540615
60.0,3,0.19617474115554723
60.0,3,0.12773264447299582
60.0,3,0.20082303594160322
60.0,3,0.5318451509888762
60.0,3,0.057975887356579214
60.0,3,0.031054568720921605
60.0,3,0.3399635808847776
60.0,3,0.2590907743473867
60.0,3,0.37964527512293067
60.0,3,0.09888822599558988
60.0,3,0.5670280614651553
60.0,3,0.15335498566412742
60.0,3,0.2606259066262786
60.0,3,0.14625366846050314
60.0,3,0.006090712659425179
60.0,3,0.03869331844176571
60.0,3,0.3748875970928598
60.0,3,0.06532158282609934
60.0,3,0.5577626922287449
60.0,3,0.4421302958373623
60.0,3,0.047944821420427
60.0,3,0.3278558926276349
60.0,3,0.11426199770028411
60.0,3,0.9344266448942005
60.0,3,0.20273307289891873
60.0,3,0.6785890758365367
60.0,3,0.19101836057353827
60.0,3,0.07254735568842152
60.0,3,0.298093104719257
60.0,3,0.17743074707319595
60.0,3,0.1661706356929913
60.0,3,0.1930356721914297
60.0,3,0.024343456925899787
60.0,3,0.34511904278729677
60.0,3,0.17888572029207772
60.0,3,0.21650346665638365
60.0,3,0.1970664575818657
60.0,3,0.12234010474757273
60.0,3,0.5958816703135832
60.0,3,0.0595432451208282
60.0,3,0.027550255161712833
60.0,3,0.4579912466133882
60.0,3,0.2826816418875211
60.0,3,0.17134487175995528
60.0,3,0.29300553695167775
60.0,3,0.2147109089433359
60.0,3,0.2484973162867865
60.0,3,0.5390980008932664
60.0,3,0.009234352805994384
60.0,3,0.4310900578526171
60.0,3,0.45992104357033403
60.0,3,0.16628131441388128
60.0,3,0.2151091773872471
60.0,3,0.48833621077651923
60.0,3,0.7362126076874551
60.0,3,0.15736605109696322
60.0,3,0.19552488742308816
60.0,3,0.979117795971969
60.0,3,0.25181898292428206
60.0,3,0.15634012925305196
60.0,3,0.0045171748380528065
60.0,3,0.4971833639989143
60.0,3,0.378287095278095
70.0,3,0.4861939612679338
70.0,3,0.649842466621914
70.0,3,0.19094494585903465
70.0,3,1.1232102772904473
70.0,3,0.4408256657651828
70.0,3,0.09772834617583914
70.0,3,0.12845863346683295
70.0,3,0.04285669846765705
70.0,3,0.7982321282325828
70.0,3,0.42181127375030236
70.0,3,0.9771126876363372
70.0,3,0.40100017674113886
70.0,3,0.1634892166237245
70.0,3,0.24738257224604432
70.0,3,0.5966545343162721
70.0,3,0.654963936753004
70.0,3,0.17795762929226377
70.0,3,0.1491599649531321
70.0,3,0.14640182687523318
70.0,3,0.21304150657823762
70.0,3,0.35111664100168927
70.0,3,0.11994615217730109
70.0,3,0.4503465850460078
70.0,3,0.2055668982088239
70.0,3,0.3534553190497176
70.0,3,0.3090764572290352
70.0,3,0.500397541179634
70.0,3,0.24115882113913933
70.0,3,0.10988782737468483
70.0,3,0.49665932455561634
70.0,3,0.16648121272048266
70.0,3,0.5241172298423464
70.0,3,0.12757077624622148
70.0,3,0.10705170230335126
70.0,3,0.3292265565136345
70.0,3,0.36656378031489467
70.0,3,0.18389541214299143
70.0,3,0.12037729868220914
70.0,3,0.5206916721957451
70.0,3,0.4191494362266468
70.0,3,0.6273905853266868
70.0,3,0.5274829244798394
70.0,3,0.11619254769182197
70.0,3,0.6319439300107956
70.0,3,0.031133153704298255
70.0,3,0.2702001684379711
70.0,3,0.037266023267275905
70.0,3,0.3380696305354842
70.0,3,0.24264388109722468
70.0,3,0.16649312453052634
70.0,3,0.5178585790157131
70.0,3,0.3277660268479776
70.0,3,0.05273418027515664
70.0,3,0.23628108208216858
70.0,3,0.03176104596539053
70.0,3,0.7176478103291406
70.0,3,0.3037666959574965
70.0,3,0.029273214125041136
70.0,3,0.4200959711155865
70.0,3,0.4218089151665043
70.0,3,0.7123563778183137
70.0,3,0.28126830899144517
70.0,3,0.5229061969325128
70.0,3,0.12855327491270163
70.0,3,0.5694065550385035
70.0,3,0.22577609211502825
70.0,3,0.03899867993574713
70.0,3,0.17955673341324374
70.0,3,0.11113571086014185
70.0,3,0.1902427041529573
70.0,3,0.8491005039560338
70.0,3,0.2407123654106087
70.0,3,0.0672993494787546
70.0,3,0.08615033483812962
70.0,3,0.05215137397420211
70.0,3,0.4341520055603376
70.0,3,0.3609124752936692
70.0,3,0.23867762759544675
70.0,3,0.48202798190374097
70.0,3,0.2838138356007689
70.0,3,0.0903676572721519
70.0,3,0.5650859614586947
70.0,3,0.050816828803712966
70.0,3,0.1834246790825107
70.0,3,0.22988251606707522
70.0,3,0.09615009548769615
70.0,3,0.225507364255769
70.0,3,0.12065622084263916
70.0,3,0.23414334437920648
70.0,3,0.5302248438576216
70.0,3,0.9525366046654926
70.0,3,0.6643974341872427
70.0,3,0.22774313684783198
70.0,3,0.10521513178572794
70.0,3,1.1729854844859127
70.0,3,0.6605453742225929
70.0,3,0.12459086899852423
70.0,3,0.13175184083455926
70.0,3,0.09036519633398354
70.0,3,0.4408432564623119
80.0,3,0.4849041597035706
80.0,3,0.12507077273282308
80.0,3,0.06567858457303988
80.0,3,0.7754188343369552
80.0,3,0.9157897541673181
80.0,3,0.30672967144670604
80.0,3,0.11452542410068833
80.0,3,0.13063867136160034
80.0,3,0.667140210927069
80.0,3,0.30595501628257127
80.0,3,1.1737280337397413
80.0,3,0.4018447919710715
80.0,3,0.4045775517587482
80.0,3,0.5423303635657493
80.0,3,0.6391590252589117
80.0,3,0.5056703548728674
80.0,3,0.8178685961802818
80.0,3,0.27536362476604115
80.0,3,0.06320216812808077
80.0,3,0.6353105755261836
80.0,3,0.3262553517438658
80.0,3,0.5866302714278904
80.0,3,0.41746881398507973
80.0,3,0.04289618046695409
80.0,3,1.0827245633254634
80.0,3,0.17046103841165694
80.0,3,0.7902385806595369
80.0,3,0.610111738343333
80.0,3,0.19054436898751614
80.0,3,0.4839348409441384
80.0,3,0.05517352972538836
80.0,3,0.5928295915790143
80.0,3,0.33870928373263887
80.0,3,0.019046253959317028
80.0,3,0.08116214299757596
80.0,3,0.5998158796810666
80.0,3,0.11775384646543063
80.0,3,0.47309401834836384
80.0,3,0.11856794526217085
80.0,3,0.7650190635802865
80.0,3,1.3825254118257018
80.0,3,0.42215816087069813
80.0,3,0.4125578139876316
80.0,3,0.6615192237350018
80.0,3,0.531213133774235
80.0,3,0.007291336261821435
80.0,3,0.1291509491509295
80.0,3,0.48989703485626457
80.0,3,0.3134255368409491
80.0,3,0.5770762738489492
80.0,3,0.3714271791292667
80.0,3,0.0726214161115517
80.0,3,0.3149048989753389
80.0,3,0.5908282108786627
80.0,3,0.3793438440122121
80.0,3,0.2821772103182898
80.0,3,0.6920059696473753
80.0,3,0.4208883421594898
80.0,3,0.47539861249264526
80.0,3,0.3140809569849563
80.0,3,1.3881956708183267
80.0,3,0.516511864881827
80.0,3,0.796663685812621
80.0,3,0.3230087193442972
80.0,3,0.04784463712450959
80.0,3,0.39320764418634946
80.0,3,0.43954187301978953
80.0,3,0.39454501922962315
80.0,3,0.7066682938005835
80.0,3,0.4327390415915038
80.0,3,0.0810641475022873
80.0,3,0.3693192147149178
80.0,3,0.10511121079236885
80.0,3,0.3985021024802564
80.0,3,0.5132486220712185
80.0,3,0.04770622917859235
80.0,3,0.46857825042164825
80.0,3,0.13006529046820958
80.0,3,0.49479267653322534
80.0,3,0.32866873087438897
80.0,3,0.07099454105382152
80.0,3,0.6917217068844876
80.0,3,0.01677412467087569
80.0,3,0.6956084111604364
80.0,3,0.2810614688825104
80.0,3,0.049109001802815744
80.0,3,0.26979852672699245
80.0,3,0.8777225588822419
80.0,3,0.35316342053316285
80.0,3,0.20619101898724734
80.0,3,0.4955470546299505
80.0,3,0.41526023823143277
80.0,3,0.06170048522943006
80.0,3,0.5111282851826084
80.0,3,0.7836999256806241
80.0,3,0.7527356104711842
80.0,3,0.05319988118187258
80.0,3,0.18144113504488146
80.0,3,0.0370967247833085
80.0,3,0.41071482176650376
90.0,3,1.097136772000284
90.0,3,0.0798659306128835
90.0,3,0.42778096395910215
90.0,3,2.5484904041386436
90.0,3,2.204599587739101
90.0,3,1.2228120163713365
90.0,3,0.22512538035853247
90.0,3,0.02104170122711313
90.0,3,0.08576634786130732
90.0,3,0.4812778092306438
90.0,3,0.2832717073159712
90.0,3,1.3751530903014038
90.0,3,0.8773208263727659
90.0,3,0.25909118951147825
90.0,3,0.695228135180824
90.0,3,1.1204730444343678
90.0,3,2.166842535927657
90.0,3,0.11324968243755595
90.0,3,0.47016129626179826
90.0,3,0.023111258380667632
90.0,3,1.0583386073476735
90.0,3,0.05853123808718674
90.0,3,0.21460738261906886
90.0,3,0.1493431735492461
90.0,3,0.5505041579798764
90.0,3,0.1491840817103931
90.0,3,0.7607522888635452
90.0,3,1.7601987590239565
90.0,3,2.1129430320586664
90.0,3,1.9605307350641565
90.0,3,0.9934659521188607
90.0,3,0.1560082214501346
90.0,3,0.9013235585689481
90.0,3,0.812945799177311
90.0,3,0.6474881739494327
90.0,3,0.4774830134775647
90.0,3,1.1367180486194126
90.0,3,0.08751947499329527
90.0,3,0.1152423750589433
90.0,3,1.3781615221005294
90.0,3,2.5751137217582665
90.0,3,0.6898800514016696
90.0,3,0.07243126641240005
90.0,3,0.2299333341234373
90.0,3,1.1201150728050995
90.0,3,1.3311499809299683
90.0,3,0.1185954080872067
90.0,3,0.527352186641588
90.0,3,0.15196542078709552
90.0,3,0.22818785897329974
90.0,3,0.9070395510681522
90.0,3,0.1741949952556645
90.0,3,0.2740961603554162
90.0,3,0.457802398395013
90.0,3,0.20814497808675547
90.0,3,0.33309864989810656
90.0,3,0.37673079311974256
90.0,3,0.5934426642344501
90.0,3,0.18578911223825845
90.0,3,1.2302943270454332
90.0,3,1.6778498959014847
90.0,3,1.310464056072255
90.0,3,0.10105400647529805
90.0,3,0.776513391101076
90.0,3,0.6874979241965375
90.0,3,0.6896697781333225
90.0,3,0.1355274825586701
90.0,3,1.5977530107057918
90.0,3,0.3054869235977069
90.0,3,1.0625810559674038
90.0,3,0.1835002727566839
90.0,3,0.15193928990635364
90.0,3,0.9763827377447101
90.0,3,0.23231110683641454
90.0,3,0.9079065254486895
90.0,3,0.3854833216541502
90.0,3,0.4589407869695852
90.0,3,1.736686581112214
90.0,3,0.3523394408692715
90.0,3,0.15529039427462443
90.0,3,0.03659185046912494
90.0,3,1.333308691318753
90.0,3,0.6311673668103337
90.0,3,0.5098779746299558
90.0,3,0.5163045870974603
90.0,3,0.11490495910842036
90.0,3,0.16664996847473246
90.0,3,0.4515141006243919
90.0,3,0.6002960507826747
90.0,3,0.8827464032497843
90.0,3,1.2900614106572252
90.0,3,0.8160049058025924
90.0,3,0.7183711883094408
90.0,3,0.565837577243947
90.0,3,0.008310617151367605
90.0,3,1.6620263232517134
90.0,3,2.238732064525176
90.0,3,0.23946500544200466
90.0,3,0.28132928886461794
90.0,3,0.6555290365618807
0,5,0.0
0,5,0.0
0,5,0.0
0,5,0.0
0,5,0.0
0,5,0.0
0,5,0.0
0,5,0.0
0,5,0.0
0,5,0.0
0,5,0.0
0,5,0.0
0,5,0.0
0,5,0.0
0,5,0.0
0,5,0.0
0,5,0.0
0,5,0.0
0,5,0.0
0,5,0.0
0,5,0.0
0,5,0.0
0,5,0.0
0,5,0.0
0,5,0.0
0,5,0.0
0,5,0.0
0,5,0.0
0,5,0.0
0,5,0.0
0,5,0.0
0,5,0.0
0,5,0.0
0,5,0.0
0,5,0.0
0,5,0.0
0,5,0.0
0,5,0.0
0,5,0.0
0,5,0.0
0,5,0.0
0,5,0.0
0,5,0.0
0,5,0.0
0,5,0.0
0,5,0.0
0,5,0.0
0,5,0.0
0,5,0.0
0,5,0.0
0,5,0.0
0,5,0.0
0,5,0.0
0,5,0.0
0,5,0.0
0,5,0.0
0,5,0.0
0,5,0.0
0,5,0.0
0,5,0.0
0,5,0.0
0,5,0.0
0,5,0.0
0,5,0.0
0,5,0.0
0,5,0.0
0,5,0.0
0,5,0.0
0,5,0.0
0,5,0.0
0,5,0.0
0,5,0.0
0,5,0.0
0,5,0.0
0,5,0.0
0,5,0.0
0,5,0.0
0,5,0.0
0,5,0.0
0,5,0.0
0,5,0.0
0,5,0.0
0,5,0.0
0,5,0.0
0,5,0.0
0,5,0.0
0,5,0.0
0,5,0.0
0,5,0.0
0,5,0.0
0,5,0.0
0,5,0.0
0,5,0.0
0,5,0.0
0,5,0.0
0,5,0.0
0,5,0.0
0,5,0.0
0,5,0.0
0,5,0.0
10.0,5,0.06786856929451979
10.0,5,0.35614560273820217
10.0,5,0.1349354060822745
10.0,5,0.0009959949215430086
10.0,5,0.020976430934377177
10.0,5,0.0809543624325384
10.0,5,0.5991126693630306
10.0,5,0.1934264937488135
10.0,5,0.0001049975180427154
10.0,5,0.2182842795806872
10.0,5,0.15647046435747747
10.0,5,0.20217552853766652
10.0,5,0.05834735765919863
10.0,5,0.3702904930340982
10.0,5,0.1798530722592515
10.0,5,0.269174268038066
10.0,5,0.11678608796013812
10.0,5,0.15137381595873212
10.0,5,0.30457792218061996
10.0,5,0.030149452845900093
10.0,5,0.048399074586961355
10.0,5,0.15023351046823397
10.0,5,0.04787778976409296
10.0,5,0.04842921426505509
10.0,5,0.009168744929847428
10.0,5,0.1186827163065578
10.0,5,0.2117069535090481
10.0,5,0.13696154006454098
10.0,5,0.17241963761530243
10.0,5,0.14859517592442195
10.0,5,0.09766072269458359
10.0,5,0.24012220959415576
10.0,5,0.044621996172117484
10.0,5,0.17299835192039303
10.0,5,0.012222391938143673
10.0,5,0.010962404211992016
10.0,5,0.020154010658114174
10.0,5,0.0723613554875504
10.0,5,0.21698257709079805
10.0,5,0.12802473068852382
10.0,5,0.14386031058349324
10.0,5,0.27790735670274636
10.0,5,0.043721760695997425
10.0,5,0.15941938366111597
10.0,5,0.08489162718687471
10.0,5,0.10725441998086271
10.0,5,0.15003935556981673
10.0,5,0.4878677854075937
10.0,5,0.05968085686957991
10.0,5,0.12938125682505897
10.0,5,0.20836875495128115
10.0,5,0.047216657721155464
10.0,5,0.08092040966396663
10.0,5,0.1962700634063994
10.0,5,0.1303666235858758
10.0,5,0.10396558697613045
10.0,5,0.03059123640719985
10.0,5,0.11785626037091124
10.0,5,0.020650590433962
10.0,5,0.11855665777522884
10.0,5,0.018281506727921837
10.0,5,0.18879050694984212
10.0,5,0.17900859486513454
10.0,5,0.09626754640227908
10.0,5,0.09996790139317113
10.0,5,0.07146175794905574
10.0,5,0.03892696334685386
10.0,5,0.09133247985000903
10.0,5,0.13924572963266435
10.0,5,0.08061894464263997
10.0,5,0.14095824358077857
10.0,5,0.19177346225436587
10.0,5,0.011709482071252886
10.0,5,0.10413255149866796
10.0,5,0.013225956315070064
10.0,5,0.01932349087045271
10.0,5,0.14811506450955125
10.0,5,0.038709082232005976
10.0,5,0.20381299515791618
10.0,5,0.03602500532987829
10.0,5,0.08794941146020019
10.0,5,0.11866650599511708
10.0,5,0.0151174704000141
10.0,5,0.1120079903255502
10.0,5,0.047608791051467314
10.0,5,0.08334828749282508
10.0,5,0.048899790742154
10.0,5,0.05233061599913835
10.0,5,0.09713612075202605
10.0,5,0.08193514648517564
10.0,5,0.220140276910338
10.0,5,0.16258767610219893
10.0,5,0.14026228103317262
10.0,5,0.01608646506771194
10.0,5,0.21945009475811794
10.0,5,0.16182156341988518
10.0,5,0.06971637097187244
10.0,5,0.08791387266311546
10.0,5,0.09994029924524472
10.0,5,0.17450002574378143
20.0,5,0.13323073157483556
20.0,5,0.7135165160478425
20.0,5,0.03691058439922479
20.0,5,0.044556579763712634
20.0,5,0.15783446759426933
20.0,5,0.22175819611719305
20.0,5,0.8514928196097613
20.0,5,0.26480877624189914
20.0,5,0.06229789780222461
20.0,5,0.2676758680139848
20.0,5,0.172070810406165
20.0,5,0.0940121730231418
20.0,5,0.5416023800305378
20.0,5,0.2865681855779023
20.0,5,0.0009244168144162401
20.0,5,0.20353630095860176
20.0,5,0.10840172254270453
20.0,5,0.2418083739993797
20.0,5,0.12386517864400703
20.0,5,0.04182411433802624
20.0,5,0.048699737879883465
20.0,5,0.03781785339491073
20.0,5,0.34655695458016833
20.0,5,0.138342283018968
20.0,5,0.21019046980689549
20.0,5,0.13320796784315547
20.0,5,0.16537771697436465
20.0,5,0.47858030361889536
20.0,5,0.23025855337469903
20.0,5,0.24088148052353464
20.0,5,0.24629565252713537
20.0,5,0.19711231454488676
20.0,5,0.061310155434956215
20.0,5,0.07865342595394598
20.0,5,0.184174588437509
20.0,5,0.05205384571933713
20.0,5,0.11237114679088123
20.0,5,0.02650732137141265
20.0,5,0.1994176783231767
20.0,5,0.30317372492669215
20.0,5,0.0032650682732038305
20.0,5,0.32895272218511806
20.0,5,0.1609968817483196
20.0,5,0.209860948929931
20.0,5,0.03852785545273818
20.0,5,0.19559763085771564
20.0,5,0.2742123623795507
20.0,5,0.40391151064918684
20.0,5,0.17983700324723184
20.0,5,0.07680626687147729
20.0,5,0.29476049344309363
20.0,5,0.10920015605426014
20.0,5,0.20073454117820067
20.0,5,0.11865834612514536
20.0,5,0.05410717156563738
20.0,5,0.12022907969713081
20.0,5,0.039649479808415045
20.0,5,0.48160988215285716
20.0,5,0.007157037424433632
20.0,5,0.2603660784766708
20.0,5,0.1063353382678498
20.0,5,0.13246908855942952
20.0,5,0.2422419825637192
20.0,5,0.06719335985705488
20.0,5,0.004645036811275816
20.0,5,0.18011537544204348
20.0,5,0.06906307760977715
20.0,5,0.009776057885074074
20.0,5,0.12016599513586446
20.0,5,0.08592127481209744
20.0,5,0.1233642920615976
20.0,5,0.30531733048052345
20.0,5,0.1341973301723054
20.0,5,0.018371682584624516
20.0,5,0.09130640485054808
20.0,5,0.18220170371254252
20.0,5,0.22932582602899299
20.0,5,0.13929412563684718
20.0,5,0.133623977012145
20.0,5,0.21194475371949517
20.0,5,0.13503568421074785
20.0,5,0.3522767895447201
20.0,5,0.3200157048480148
20.0,5,0.3670380133640272
20.0,5,0.03536818526001184
20.0,5,0.05006013307546464
20.0,5,0.025777438476088044
20.0,5,0.014346637893653202
20.0,5,0.19538136783970295
20.0,5,0.13224587993604242
20.0,5,0.35671831460852754
20.0,5,0.36633437075682984
20.0,5,0.05459824477365949
20.0,5,0.0016784195910295452
20.0,5,0.4267221642607182
20.0,5,0.07558521972241916
20.0,5,0.13445797263061987
20.0,5,0.00616623493249957
20.0,5,0.1767761038586917
20.0,5,0.07718344722631176
30.0,5,0.02593014336434951
30.0,5,0.9731161783006912
30.0,5,0.04467977340888396
30.0,5,0.061743010666854836
30.0,5,0.16414617988222346
30.0,5,0.2322934185822212
30.0,5,0.6641867275771207
30.0,5,0.15210053255045608
30.0,5,0.10966415050765477
30.0,5,0.6196049068114737
30.0,5,0.08734400465676728
30.0,5,0.1398833189517572
30.0,5,0.4304186208579779
30.0,5,0.035478781584939334
30.0,5,0.13989316676472408
30.0,5,0.49252443987022154
30.0,5,0.2810467882497605
30.0,5,0.3106593147626553
30.0,5,0.08403789023509134
30.0,5,0.05704360783899176
30.0,5,0.06115445256202978
30.0,5,0.5450077307724923
30.0,5,0.4181543880704828
30.0,5,0.17580948235555738
30.0,5,0.07033032596884059
30.0,5,0.09786397573441086
30.0,5,0.13471573765356393
30.0,5,0.30074560596788835
30.0,5,0.35802571698115937
30.0,5,0.2365733356716122
30.0,5,0.2801282091242294
30.0,5,0.2964305158706795
30.0,5,0.04113102636951815
30.0,5,0.10711911623879677
30.0,5,0.09325585425587768
30.0,5,0.08354508723696519
30.0,5,0.10998200670144787
30.0,5,0.08227454171916548
30.0,5,0.29947990672325187
30.0,5,0.490386411843021
30.0,5,0.2328973214809933
30.0,5,0.6783552925071801
30.0,5,0.16482235174522408
30.0,5,0.16060777791768555
30.0,5,0.08129744830816765
30.0,5,0.4383649918002739
30.0,5,0.47251425321852825
30.0,5,0.6225981745569644
30.0,5,0.19589207704674916
30.0,5,0.012283169142381922
30.0,5,0.5285737387582161
30.0,5,0.11092793470053941
30.0,5,0.2459413769284442
30.0,5,0.2972067901520852
30.0,5,0.007166112612499553
30.0,5,0.0467161847799078
30.0,5,0.20575633596235487
30.0,5,0.47504996783827824
30.0,5,0.054899113759510065
30.0,5,0.13277108331392995
30.0,5,0.006306607085824645
30.0,5,0.40437888727156945
30.0,5,0.4847415092175451
30.0,5,0.14385441562615764
30.0,5,0.14378385297272356
30.0,5,0.024309198006409183
30.0,5,0.1902998671511842
30.0,5,0.3600298328490439
30.0,5,0.3080759922530243
30.0,5,0.04443236382119231
30.0,5,0.030622377593902073
30.0,5,0.16934614242627433
30.0,5,0.06214859243845883
30.0,5,0.3565348607726957
30.0,5,0.15628010985892704
30.0,5,0.05649759666575349
30.0,5,0.25936053386882474
30.0,5,0.2153712989492318
30.0,5,0.04157747447061766
30.0,5,0.3808355159911545
30.0,5,0.02438491437365098
30.0,5,0.24439043441462527
30.0,5,0.8752529740563473
30.0,5,0.001565006670934288
30.0,5,0.11797252338013475
30.0,5,0.139552878016858
30.0,5,0.15839509129575324
30.0,5,0.21750927764072436
30.0,5,0.6245646464823524
30.0,5,0.13665803821359734
30.0,5,0.4589858930505235
30.0,5,0.3922342639850638
30.0,5,0.11430709144987539
30.0,5,0.17582106846459222
30.0,5,0.6063303774849116
30.0,5,0.17054768937611353
30.0,5,0.10769010607939666
30.0,5,0.2393794742807147
30.0,5,0.03025225824181277
30.0,5,0.389606607573886
40.0,5,0.1890682965265129
40.0,5,0.7302117396494467
40.0,5,0.6114953951782978
40.0,5,0.35266212737691927
40.0,5,0.0006342420137288585
40.0,5,0.03261818071772993
40.0,5,0.017441087691099533
40.0,5,0.5233485390036519
40.0,5,0.08535714349068169
40.0,5,0.5542777558724179
40.0,5,0.230014249432287
40.0,5,0.10102634570765812
40.0,5,0.4129777938291195
40.0,5,0.35807882097769905
40.0,5,0.13567675872018015
40.0,5,0.6656657582162966
40.0,5,0.31335375186340375
40.0,5,0.27449708148110785
40.0,5,0.04599264568449701
40.0,5,0.03544420006398763
40.0,5,0.3647705609108076
40.0,5,0.06897066186135259
40.0,5,0.18463442183837087
40.0,5,0.2981081960091432
40.0,5,0.02647204834081318
40.0,5,0.24445257140890364
40.0,5,0.10918288798658615
40.0,5,0.6539496695581359
40.0,5,0.11746502385479118
40.0,5,0.35751974966930256
40.0,5,0.025419275803653996
40.0,5,0.06873510764903745
40.0,5,0.3906621559852992
40.0,5,0.3728840169888268
40.0,5,0.34068774476078056
40.0,5,0.29140149436195095
40.0,5,0.3513687867895472
40.0,5,0.9618070754422821
40.0,5,0.35696914319358175
40.0,5,0.2564921332535053
40.0,5,0.19560964122637703
40.0,5,0.5875577240079854
40.0,5,0.42012683961506436
40.0,5,0.04751307717414921
40.0,5,0.023566911490633835
40.0,5,0.46536188498730535
40.0,5,0.2855877604353383
40.0,5,0.12310198062215694
40.0,5,0.24974457962124763
40.0,5,0.13217889486578027
40.0,5,0.1680053726341093
40.0,5,0.09662096765047856
40.0,5,0.11889604713847168
40.0,5,0.7232841633470928
40.0,5,0.04400459096042031
40.0,5,0.046152774445478606
40.0,5,0.4865719661694099
40.0,5,0.02575342343814313
40.0,5,0.10665219844167906
40.0,5,0.299392207310051
40.0,5,0.7386763525779765
40.0,5,0.34559295208943386
40.0,5,0.49261756680751345
40.0,5,0.23236649196282944
40.0,5,0.3770142862103336
40.0,5,0.2089846127617614
40.0,5,0.10730899392250759
40.0,5,0.2221956860300507
40.0,5,0.4495804145578388
40.0,5,0.17547886517922873
40.0,5,0.011617559062030658
40.0,5,0.14697882756049996
40.0,5,0.21307286822666915
40.0,5,0.587496487171772
40.0,5,0.1076679421333484
40.0,5,0.22058433957610557
40.0,5,0.46184566432609797
40.0,5,0.12367419617630881
40.0,5,0.1755784902543951
40.0,5,0.16871754734873878
40.0,5,0.3046255084006524
40.0,5,0.3106797257043823
40.0,5,0.39354426107964535
40.0,5,0.09833067229378312
40.0,5,0.03138988059936043
40.0,5,0.45539463970303773
40.0,5,0.63790581290997
40.0,5,0.5230522266030273
40.0,5,0.14889672736846205
40.0,5,0.16141069128293228
40.0,5,0.7067085323882596
40.0,5,0.21084229845560998
40.0,5,0.2571778820278743
40.0,5,0.13729657882714275
40.0,5,0.8879486183709742
40.0,5,0.2162887744159807
40.0,5,0.10485873272796242
40.0,5,0.06571463037814862
40.0,5,0.5349684002329562
40.0,5,0.07867295067589275
50.0,5,0.007825076924494745
50.0,5,0.7518069752148655
50.0,5,0.3431590995113538
50.0,5,0.9722700125911912
50.0,5,0.31160910408203524
50.0,5,0.19476795732264396
50.0,5,0.18737423469638603
50.0,5,0.17915074512707108
50.0,5,0.4984027661628909
50.0,5,0.5865641573157028
50.0,5,0.5680516667540267
50.0,5,0.05424051900017268
50.0,5,0.46412985396697515
50.0,5,0.16863694216965008
50.0,5,0.18470946823709022
50.0,5,1.07575432458471
50.0,5,0.3291061421440151
50.0,5,0.11113556518980561
50.0,5,0.31511040212797337
50.0,5,0.13563853386705382
50.0,5,0.301112233486581
50.0,5,0.24452821661929214
50.0,5,0.1688186314008453
50.0,5,0.23166572633257942
50.0,5,0.5433650816736906
50.0,5,0.7020421212093177
50.0,5,0.384194446689091
50.0,5,0.5201514582864943
50.0,5,0.5161636253940509
50.0,5,0.27648150605761757
50.0,5,0.2826005374783711
50.0,5,0.22769982872454309
50.0,5,0.06343921889903648
50.0,5,0.390160212888651
50.0,5,0.1701160115477105
50.0,5,0.055130999551843196
50.0,5,0.442211168546752
50.0,5,0.7210701641895811
50.0,5,0.28964383650427816
50.0,5,0.04807219627832282
50.0,5,0.04782635546419911
50.0,5,0.48238680764247466
50.0,5,0.40087965652011714
50.0,5,0.02582528451422217
50.0,5,0.4628236944963344
50.0,5,0.5647178984801613
50.0,5,0.005553979275529031
50.0,5,0.6910764805000298
50.0,5,0.1729681226266644
50.0,5,0.3363861654520157
50.0,5,0.35686893238068507
50.0,5,0.0543334574980312
50.0,5,0.020441963043390743
50.0,5,0.9824853511429463
50.0,5,0.07778836114289511
50.0,5,0.1459753791456797
50.0,5,0.5664659944807293
50.0,5,0.28762632544441136
50.0,5,0.6674412066079265
50.0,5,0.5148415137309774
50.0,5,0.7457998470377847
50.0,5,0.49491257542961176
50.0,5,0.13633293359451049
50.0,5,0.18349884711930908
50.0,5,0.14725562977711526
50.0,5,0.4096142273946075
50.0,5,0.22393488869155398
50.0,5,0.1747060115375314
50.0,5,0.4420616561834336
50.0,5,0.6240173487403382
50.0,5,0.23806559661661542
50.0,5,0.006122274791699134
50.0,5,0.04319747296599541
50.0,5,0.758076996856409
50.0,5,0.28115652929109114
50.0,5,0.23076025928240718
50.0,5,0.0008750568775717227
50.0,5,0.16569457689922817
50.0,5,0.574791278494061
50.0,5,0.3951859483504392
50.0,5,0.3085005058022108
50.0,5,0.195395925930002
50.0,5,0.129644489315627
50.0,5,0.3390863523187022
50.0,5,0.41505607182300164
50.0,5,0.8050479796620986
50.0,5,0.6413447362858142
50.0,5,0.9288603722537276
50.0,5,0.0611770441448396
50.0,5,0.26974234958763255
50.0,5,0.7422396011976886
50.0,5,0.12897412227843752
50.0,5,0.3821166665373683
50.0,5,0.40676357838576127
50.0,5,0.9620628192690752
50.0,5,0.12915040089683583
50.0,5,0.5390525051754675
50.0,5,0.46416566943917026
50.0,5,0.7995527868544654
50.0,5,0.09643094305177069
60.0,5,0.20927982090369124
60.0,5,0.8169778520281854
60.0,5,0.15068741376622885
60.0,5,1.0853091888335005
60.0,5,0.45973406985904663
60.0,5,0.09447465062701177
60.0,5,0.027094544083401395
60.0,5,0.42253497047149846
60.0,5,0.7337562288174633
60.0,5,0.655411530139216
60.0,5,1.0082015256687278
60.0,5,0.36221931804488783
60.0,5,0.5931008765188404
60.0,5,0.016415500570863273
60.0,5,0.7589517778157004
60.0,5,1.093963725131986
60.0,5,0.4643552502759638
60.0,5,0.24268165080363513
60.0,5,0.016703428407392806
60.0,5,0.056730739514585515
60.0,5,0.2911805478780627
60.0,5,0.15816944029209745
60.0,5,0.8177447765754788
60.0,5,0.45145333257986486
60.0,5,0.732295219305688
60.0,5,0.13672950461970013
60.0,5,0.16136643228897896
60.0,5,0.16371663727671937
60.0,5,0.2677065943389292
60.0,5,0.36289998629650366
60.0,5,0.2695526895429414
60.0,5,0.5997870845358859
60.0,5,0.43255219221997265
60.0,5,0.3897195811278902
60.0,5,0.31587563872479407
60.0,5,0.40373045120771955
60.0,5,0.07201137101400779
60.0,5,0.4340007629028575
60.0,5,0.3762406311645341
60.0,5,0.2124139139329584
60.0,5,0.49684274683986906
60.0,5,0.19021317207226485
60.0,5,0.15349875621210174
60.0,5,0.4970221163686377
60.0,5,0.2594551362936288
60.0,5,0.7025178898766793
60.0,5,0.34510698899672976
60.0,5,1.0612928871543152
60.0,5,0.3112198685609364
60.0,5,0.08596806104751753
60.0,5,0.30799043926781167
60.0,5,0.004630811119837652
60.0,5,0.21493621177046762
60.0,5,0.8588694316013257
60.0,5,0.12219737459185609
60.0,5,0.7257442797596236
60.0,5,0.6772888692312016
60.0,5,0.07119754430017178
60.0,5,0.507632146532571
60.0,5,0.03513783226253775
60.0,5,1.3603456892661923
60.0,5,0.6889551142806156
60.0,5,0.8679995175198867
60.0,5,0.34884748740623284
60.0,5,0.054348347517079176
60.0,5,0.31171861641537646
60.0,5,0.23240557511616622
60.0,5,0.16309901387865722
60.0,5,0.4535396690630442
60.0,5,0.4752417533532727
60.0,5,0.4092996736047976
60.0,5,0.4500327930666108
60.0,5,0.33017307658254014
60.0,5,0.5372406142384571
60.0,5,0.3517943190081634
60.0,5,0.527866516547435
60.0,5,0.01922284449473466
60.0,5,0.054291959402373635
60.0,5,0.8735059392228388
60.0,5,0.3826651867968973
60.0,5,0.29617814886518
60.0,5,0.1848224516993353
60.0,5,0.1349009338002629
60.0,5,0.19713171503715987
60.0,5,0.4129939542606751
60.0,5,0.03715084739638641
60.0,5,0.7002950847351275
60.0,5,0.8367546329065259
60.0,5,0.2033669791012671
60.0,5,0.21594844528710855
60.0,5,0.7451260959647268
60.0,5,1.2321158401399157
60.0,5,0.34888462773107864
60.0,5,0.3018899880452999
60.0,5,1.2331547545237775
60.0,5,0.4020786352094259
60.0,5,0.16197482650948913
60.0,5,0.03137265043766213
60.0,5,0.5261479626445942
60.0,5,0.7436587713074729
70.0,5,0.7616748976447889
70.0,5,1.1508878244505127
70.0,5,0.24385349904017417
70.0,5,1.6695236515791256
70.0,5,0.8305232571453303
70.0,5,0.4181203048351847
70.0,5,0.17897004720234566
70.0,5,0.05014575262705989
70.0,5,0.9457280991696959
70.0,5,0.49684245451713593
70.0,5,1.4018641865236194
70.0,5,0.94089238701486
70.0,5,0.2979156142541708
70.0,5,0.5129207934318858
70.0,5,0.5719903421054573
70.0,5,1.0640339117565167
70.0,5,0.5625084532635212
70.0,5,0.3375514702771696
70.0,5,0.17134330404498588
70.0,5,0.0884363820408085
70.0,5,0.5152019761023556
70.0,5,0.03607985901803268
70.0,5,0.631263339610312
70.0,5,0.22976301693399392
70.0,5,0.42794564586572825
70.0,5,0.30601694518429845
70.0,5,0.9986341499292575
70.0,5,0.6638305640179345
70.0,5,0.24876158286221806
70.0,5,0.5687097144210229
70.0,5,0.41931272214243975
70.0,5,0.7950826163011273
70.0,5,0.30332941359599763
70.0,5,0.42113525331066315
70.0,5,0.5847660909912511
70.0,5,0.7400928053165399
70.0,5,0.34048327000481393
70.0,5,0.2520667259108835
70.0,5,0.6408002619753068
70.0,5,0.5653299818983744
70.0,5,0.7573102990307028
70.0,5,0.8119283089659719
70.0,5,0.20082126593863325
70.0,5,1.084010444256783
70.0,5,0.24314421834951538
70.0,5,0.7920342559042584
70.0,5,0.17876120844718546
70.0,5,0.6429818570407564
70.0,5,0.11638768708642555
70.0,5,0.029913856362916214
70.0,5,0.9406776298162125
70.0,5,0.5008682853047226
70.0,5,0.39432330391417825
70.0,5,0.6286545777003552
70.0,5,0.15319687142846572
70.0,5,1.1588813459278158
70.0,5,0.44378218566353045
70.0,5,0.34681829397143193
70.0,5,0.6912739902870326
70.0,5,0.5429306570130903
70.0,5,0.9954149380978157
70.0,5,0.7994800385133738
70.0,5,0.7875457496877538
70.0,5,0.329537749765902
70.0,5,0.5692029645300329
70.0,5,0.13688228792128232
70.0,5,0.07331122199277029
70.0,5,0.20580716808181077
70.0,5,0.014250355779730661
70.0,5,0.671140073743886
70.0,5,1.1141015336646323
70.0,5,0.3994083410496101
70.0,5,0.06911911901449397
70.0,5,0.3828257074896113
70.0,5,0.19926983268644527
70.0,5,0.36678728251007486
70.0,5,0.48545712028205745
70.0,5,0.4430048370880417
70.0,5,0.6060078501028077
70.0,5,0.24285731365379704
70.0,5,0.08009633801646121
70.0,5,0.553719719562002
70.0,5,0.3799695692782903
70.0,5,0.135043400143684
70.0,5,0.023511941128111502
70.0,5,0.05170304273084092
70.0,5,0.3637109937992742
70.0,5,0.26638636003064553
70.0,5,0.15599154659003123
70.0,5,0.6184083902601474
70.0,5,1.348961128483798
70.0,5,1.274408132856247
70.0,5,0.33205517287973896
70.0,5,0.3126741513867062
70.0,5,1.5742911282316738
70.0,5,1.1194795966788416
70.0,5,0.3334515817790473
70.0,5,0.23080238024186173
70.0,5,0.07951738969221367
70.0,5,0.6549261100757784
80.0,5,0.42389419481711155
80.0,5,0.277899486968872
80.0,5,0.14963361912692985
80.0,5,1.0540704356658157
80.0,5,1.4408346689967324
80.0,5,0.491435743440773
80.0,5,0.18022542503209849
80.0,5,0.032855986968234774
80.0,5,0.8681158553919488
80.0,5,0.47902334174089134
80.0,5,1.4916579401197838
80.0,5,1.0221096377188346
80.0,5,0.33915578664892987
80.0,5,0.49490332459826014
80.0,5,0.18887448711803323
80.0,5,0.8395965537459018
80.0,5,1.5737137404819475
80.0,5,0.3665529259152942
80.0,5,0.015604371753894064
80.0,5,0.9598416795765079
80.0,5,0.1238779411264348
80.0,5,0.844967959254614
80.0,5,0.5073050685517657
80.0,5,0.010104720504906517
80.0,5,1.3571732967629124
80.0,5,0.008762157289761596
80.0,5,1.3906051016563739
80.0,5,1.2148722737633397
80.0,5,0.39095960418487774
80.0,5,0.766385891568464
80.0,5,0.1381184263649624
80.0,5,0.9278166646930393
80.0,5,0.3384525568610579
80.0,5,0.060689045015105414
80.0,5,0.02389041172377837
80.0,5,0.7680809041896519
80.0,5,0.01855600298815485
80.0,5,0.847074984541476
80.0,5,0.2626017141765562
80.0,5,0.9655915235660624
80.0,5,2.0624370332700437
80.0,5,0.607618933006326
80.0,5,0.6325050370049325
80.0,5,1.2203948100978095
80.0,5,1.018581710549686
80.0,5,0.47286991271103496
80.0,5,0.10046409488574604
80.0,5,1.1227781637471557
80.0,5,0.800441528712108
80.0,5,0.681090988202425
80.0,5,0.8249866296195467
80.0,5,0.2539586583978397
80.0,5,0.6563058617792192
80.0,5,1.2147078971633833
80.0,5,0.38142367860267345
80.0,5,0.379740134187184
80.0,5,1.1421707185900596
80.0,5,0.37742413455424506
80.0,5,0.15524481457568928
80.0,5,0.49786151517028987
80.0,5,1.7166663967301998
80.0,5,0.20492563629315796
80.0,5,1.1801793575359691
80.0,5,0.5868174211265966
80.0,5,0.2837896914303091
80.0,5,0.8232412559121087
80.0,5,0.5563877447002881
80.0,5,0.648312623658887
80.0,5,0.7954346078117291
80.0,5,0.9082604143230109
80.0,5,0.13245393696486918
80.0,5,0.6627365656261697
80.0,5,0.14618830203875754
80.0,5,0.5405778911350119
80.0,5,0.39491700710875577
80.0,5,0.4924168897523229
80.0,5,0.5311811076777468
80.0,5,0.18889575047456741
80.0,5,0.6014081142444905
80.0,5,0.1529790261143038
80.0,5,0.01052962908519195
80.0,5,1.0497067222383647
80.0,5,0.28940220896350866
80.0,5,0.9927761532545789
80.0,5,0.47932449379741726
80.0,5,0.01891470885600821
80.0,5,0.47235527587978865
80.0,5,1.2473780261013143
80.0,5,0.2201797687262701
80.0,5,0.11074499926661918
80.0,5,0.7036911453634493
80.0,5,0.6366932390705129
80.0,5,0.2528570037222231
80.0,5,1.055924183331137
80.0,5,0.8782367538332148
80.0,5,1.3804941645861923
80.0,5,0.10389302064187689
80.0,5,0.2727859979767979
80.0,5,0.30336154478194377
80.0,5,0.46335833590569075
90.0,5,0.8622085986354735
90.0,5,0.22582112014207611
90.0,5,0.8743246413829384
90.0,5,4.226812074052131
90.0,5,3.646730637920455
90.0,5,1.6493770319965577
90.0,5,0.36108320004465355
90.0,5,0.09007149897707656
90.0,5,0.09594483836268353
90.0,5,1.1387627626394101
90.0,5,0.044635939445118566
90.0,5,2.485001307229009
90.0,5,0.8999174341949319
90.0,5,0.5382100914113614
90.0,5,0.6069762396973903
90.0,5,1.7169349332682557
90.0,5,3.3075026924360005
90.0,5,0.1647468927129152
90.0,5,0.6004655689505904
90.0,5,0.42784896482573
90.0,5,1.8627823641084857
90.0,5,0.46033334394310765
90.0,5,0.3522989819190654
90.0,5,0.370537620262124
90.0,5,1.0241994295163828
90.0,5,0.5666624337895243
90.0,5,1.006415749758836
90.0,5,3.1903069259409937
90.0,5,3.4829081882080395
90.0,5,2.9641701219637238
90.0,5,0.9970166144106498
90.0,5,0.45783575471776006
90.0,5,1.0894504920001866
90.0,5,0.868936492225056
90.0,5,1.144411950071265
90.0,5,0.8787520655533254
90.0,5,2.0669696680460072
90.0,5,0.23287741012982277
90.0,5,0.051565089105819695
90.0,5,1.6858764558523438
90.0,5,3.780498935853676
90.0,5,1.5466979116810462
90.0,5,0.3047749030361926
90.0,5,0.6222836650603512
90.0,5,1.5328859310665326
90.0,5,1.141352893559791
90.0,5,0.1690029940084039
90.0,5,0.9914376697253227
90.0,5,0.12023816186137104
90.0,5,0.07424835615758862
90.0,5,1.3244697698727146
90.0,5,0.4709191325460589
90.0,5,0.4347468739943219
90.0,5,1.012634236863354
90.0,5,0.22231406879534976
90.0,5,0.4312337714028782
90.0,5,0.466513021207156
90.0,5,0.7012929601789724
90.0,5,0.7349393685815224
90.0,5,0.8401702152706454
90.0,5,2.2955802667133574
90.0,5,1.4300909372967539
90.0,5,0.13315085859240616
90.0,5,1.4286129291073744
90.0,5,0.8822202091621985
90.0,5,1.1771718200839212
90.0,5,0.2093141630319275
90.0,5,2.269099478800068
90.0,5,0.3860845981264891
90.0,5,1.7805874431996145
90.0,5,0.6370457932577418
90.0,5,0.36083209348603873
90.0,5,1.2386030946695374
90.0,5,0.4686369745391552
90.0,5,1.0842182618113663
90.0,5,0.7905277490520772
90.0,5,0.6233871457825018
90.0,5,2.694581889882836
90.0,5,0.19692637487523523
90.0,5,0.3591689021846065
90.0,5,0.2670273974078716
90.0,5,2.059614628052441
90.0,5,0.9227480918910089
90.0,5,0.6269301555299149
90.0,5,0.6447467354049903
90.0,5,0.6871975651751887
90.0,5,0.06830799482804828
90.0,5,0.9393359059948998
90.0,5,1.2705611416791864
90.0,5,0.7148103598954059
90.0,5,1.8433903835509682
90.0,5,0.7245744517381878
90.0,5,0.8003812671006809
90.0,5,1.0459224160989056
90.0,5,0.052772318708913524
90.0,5,2.335654021105033
90.0,5,2.889780430432255
90.0,5,0.22419772712172303
90.0,5,0.4493865940633679
90.0,5,0.7961731399845164
0,8,0.0
0,8,0.0
0,8,0.0
0,8,0.0
0,8,0.0
0,8,0.0
0,8,0.0
0,8,0.0
0,8,0.0
0,8,0.0
0,8,0.0
0,8,0.0
0,8,0.0
0,8,0.0
0,8,0.0
0,8,0.0
0,8,0.0
0,8,0.0
0,8,0.0
0,8,0.0
0,8,0.0
0,8,0.0
0,8,0.0
0,8,0.0
0,8,0.0
0,8,0.0
0,8,0.0
0,8,0.0
0,8,0.0
0,8,0.0
0,8,0.0
0,8,0.0
0,8,0.0
0,8,0.0
0,8,0.0
0,8,0.0
0,8,0.0
0,8,0.0
0,8,0.0
0,8,0.0
0,8,0.0
0,8,0.0
0,8,0.0
0,8,0.0
0,8,0.0
0,8,0.0
0,8,0.0
0,8,0.0
0,8,0.0
0,8,0.0
0,8,0.0
0,8,0.0
0,8,0.0
0,8,0.0
0,8,0.0
0,8,0.0
0,8,0.0
0,8,0.0
0,8,0.0
0,8,0.0
0,8,0.0
0,8,0.0
0,8,0.0
0,8,0.0
0,8,0.0
0,8,0.0
0,8,0.0
0,8,0.0
0,8,0.0
0,8,0.0
0,8,0.0
0,8,0.0
0,8,0.0
0,8,0.0
0,8,0.0
0,8,0.0
0,8,0.0
0,8,0.0
0,8,0.0
0,8,0.0
0,8,0.0
0,8,0.0
0,8,0.0
0,8,0.0
0,8,0.0
0,8,0.0
0,8,0.0
0,8,0.0
0,8,0.0
0,8,0.0
0,8,0.0
0,8,0.0
0,8,0.0
0,8,0.0
0,8,0.0
0,8,0.0
0,8,0.0
0,8,0.0
0,8,0.0
0,8,0.0
10.0,8,0.15643461701731454
10.0,8,0.5930180334625152
10.0,8,0.288985269334038
10.0,8,0.005502991047279693
10.0,8,0.02594051016738863
10.0,8,0.014777795239591995
10.0,8,0.9964780284942645
10.0,8,0.23851682381913086
10.0,8,0.015317300636605857
10.0,8,0.34008937197563505
10.0,8,0.21540936166072022
10.0,8,0.24749656623342453
10.0,8,0.05284062863675221
10.0,8,0.6413988851002763
10.0,8,0.3083936981506632
10.0,8,0.4699092297291916
10.0,8,0.16878957992340737
10.0,8,0.005190896243564502
10.0,8,0.32739957272392317
10.0,8,0.1565381564165511
10.0,8,0.01009707450446573
10.0,8,0.29347638944473164
10.0,8,0.12252578542559611
10.0,8,0.04634363633054139
10.0,8,0.052889884090742356
10.0,8,0.183263609279809
10.0,8,0.19117515833551213
10.0,8,0.23850748996857796
10.0,8,0.2535394352731366
10.0,8,0.3288963071629176
10.0,8,0.16913191316048337
10.0,8,0.2988042972659395
10.0,8,0.011175219609778964
10.0,8,0.20756171897061648
10.0,8,0.033181775771769395
10.0,8,0.105856489943986
10.0,8,0.03101312794243416
10.0,8,0.061734353874030035
10.0,8,0.30132329774050426
10.0,8,0.1320938377620493
10.0,8,0.10404147195370328
10.0,8,0.38286708290533156
10.0,8,0.07760479853080327
10.0,8,0.10140267339133047
10.0,8,0.005553785727615335
10.0,8,0.18699479459457002
10.0,8,0.2369658396153307
10.0,8,0.7856055211913837
10.0,8,0.03957873333896611
10.0,8,0.26033412650359544
10.0,8,0.24141603218699625
10.0,8,0.05221319039881944
10.0,8,0.12519483720716007
10.0,8,0.2343854961722327
10.0,8,0.2468465982539758
10.0,8,0.1160360025206213
10.0,8,0.04126629415937977
10.0,8,0.18796090831352696
10.0,8,0.07885543579179011
10.0,8,0.10817059938452545
10.0,8,0.00394376566116339
10.0,8,0.277443394263468
10.0,8,0.10447514895299559
10.0,8,0.06756021660585709
10.0,8,0.16357544428743154
10.0,8,0.09718887310211066
10.0,8,0.023477301955082908
10.0,8,0.1921629539872587
10.0,8,0.35661860585821437
10.0,8,0.1587076005992465
10.0,8,0.2104509895123332
10.0,8,0.21446182010049242
10.0,8,0.04601122626103926
10.0,8,0.004048224597798189
10.0,8,0.012424142222432266
10.0,8,0.09146271186463295
10.0,8,0.13527640808193464
10.0,8,0.1079344654790475
10.0,8,0.30325560150560804
10.0,8,0.13344248992876473
10.0,8,0.044665565149862196
10.0,8,0.1966724587530404
10.0,8,0.018709760832638977
10.0,8,0.16327551471189405
10.0,8,0.011304300503351072
10.0,8,0.15216988998925984
10.0,8,0.1548603037843943
10.0,8,0.0519879684097706
10.0,8,0.09814417704043432
10.0,8,0.09209056557678164
10.0,8,0.24027966838899317
10.0,8,0.1309317852092189
10.0,8,0.28965713266166837
10.0,8,0.07103170742366416
10.0,8,0.32997358132374366
10.0,8,0.23508630703781286
10.0,8,0.16994121282561014
10.0,8,0.14852069143169722
10.0,8,0.08850763269951045
10.0,8,0.29502066836577967
20.0,8,0.3463656277911831
20.0,8,1.1823499075236183
20.0,8,0.2340123289431144
20.0,8,0.06767215539865923
20.0,8,0.21368189952750072
20.0,8,0.3348665509896591
20.0,8,1.365780527229922
20.0,8,0.31247686992434254
20.0,8,0.0036503778818515187
20.0,8,0.48881740861630263
20.0,8,0.30449896167011214
20.0,8,0.24903616009586216
20.0,8,0.7097096285055127
20.0,8,0.609675668131124
20.0,8,0.11897124025184169
20.0,8,0.29407838649978224
20.0,8,0.0884786073359134
20.0,8,0.2854838749960251
20.0,8,0.1039673473442626
20.0,8,0.04557072568175258
20.0,8,0.028822493290055817
20.0,8,0.010493486320829248
20.0,8,0.5882410285505957
20.0,8,0.23763714500433153
20.0,8,0.2620374576291118
20.0,8,0.3282477689269774
20.0,8,0.03929682019826686
20.0,8,0.5192727887534483
20.0,8,0.2784618031375814
20.0,8,0.4090226165581363
20.0,8,0.2665158839890829
20.0,8,0.07610603902503055
20.0,8,0.11599681393938432
20.0,8,0.034537475151307895
20.0,8,0.180571393418675
20.0,8,0.06597381043867845
20.0,8,0.21421839522705888
20.0,8,0.1029839587374104
20.0,8,0.28411352921332256
20.0,8,0.5495631088295561
20.0,8,0.07057111984575215
20.0,8,0.312350290872331
20.0,8,0.2507247163241004
20.0,8,0.20831225615355287
20.0,8,0.20236909976198003
20.0,8,0.4458132481290553
20.0,8,0.42334167765959574
20.0,8,0.6958973281246514
20.0,8,0.17930977344373034
20.0,8,0.22904818239076263
20.0,8,0.3653740004827446
20.0,8,0.03642843985375421
20.0,8,0.2182988767430345
20.0,8,0.18708336531274483
20.0,8,0.07740490954935275
20.0,8,0.17395316880148215
20.0,8,0.09230708962726908
20.0,8,0.6733386240854564
20.0,8,0.09562633317199953
20.0,8,0.2165793404039036
20.0,8,0.18904667420328103
20.0,8,0.30035264562676023
20.0,8,0.3574567271955065
20.0,8,0.09173563343887814
20.0,8,0.044669898812161435
20.0,8,0.15803655835483532
20.0,8,0.11176333126653937
20.0,8,0.2012878880913611
20.0,8,0.33720593126861154
20.0,8,0.05746969177776151
20.0,8,0.22457133633324577
20.0,8,0.4362879752729736
20.0,8,0.29730337308221255
20.0,8,0.15099347968733579
20.0,8,0.27970692733905445
20.0,8,0.30024645926508775
20.0,8,0.166008773891698
20.0,8,0.08542575510594297
20.0,8,0.4204890601177196
20.0,8,0.3609685140310255
20.0,8,0.20070674770404295
20.0,8,0.6411825835811538
20.0,8,0.6048501894448401
20.0,8,0.6695863638977197
20.0,8,0.21600418295270352
20.0,8,0.21370882273206515
20.0,8,0.06727278411551918
20.0,8,0.027119888720221752
20.0,8,0.28205933186454324
20.0,8,0.1451561085861126
20.0,8,0.43171068127732326
20.0,8,0.4412971885449455
20.0,8,0.09074010335540272
20.0,8,0.05066438537476525
20.0,8,0.5923863655012767
20.0,8,0.08083185451895147
20.0,8,0.06579977752982291
20.0,8,0.05525280390785614
20.0,8,0.3371425120199145
20.0,8,0.1722803665801802
30.0,8,0.07474469299031483
30.0,8,1.7121154978738566
30.0,8,0.013695032727530254
30.0,8,0.2557725200222887
30.0,8,0.3222791758308823
30.0,8,0.5145629744565996
30.0,8,1.1853679658286795
30.0,8,0.2573910514176099
30.0,8,0.079692706660901
30.0,8,0.7748673397157688
30.0,8,0.031154707187280195
30.0,8,0.42754752554934594
30.0,8,0.5604698840614368
30.0,8,0.25754064599780335
30.0,8,0.1743734189297914
30.0,8,0.9960835699804225
30.0,8,0.35904864290547156
30.0,8,0.5209526373634246
30.0,8,0.12281253384256097
30.0,8,0.10938469382531135
30.0,8,0.0746315570939462
30.0,8,0.5613969573527449
30.0,8,0.7161956790729302
30.0,8,0.30178600827669566
30.0,8,0.03416657848379412
30.0,8,0.23777617853769684
30.0,8,0.46200716558999044
30.0,8,0.11326522484074264
30.0,8,0.5086604568967665
30.0,8,0.3966521300976602
30.0,8,0.26209792955724254
30.0,8,0.06050119644763985
30.0,8,0.07290531380712384
30.0,8,0.08390695563779715
30.0,8,0.09146804895829774
30.0,8,0.2504839921025823
30.0,8,0.19146950882476332
30.0,8,0.09966005007230727
30.0,8,0.3258885878120701
30.0,8,0.7523682534722083
30.0,8,0.48009997404605453
30.0,8,0.8140302860153792
30.0,8,0.2603134506844089
30.0,8,0.07932892992251972
30.0,8,0.2718841871938702
30.0,8,0.7185129357166566
30.0,8,0.6921074995848455
30.0,8,1.0450712331748875
30.0,8,0.3267531238071699
30.0,8,0.2447619194971029
30.0,8,0.5876288056971299
30.0,8,0.012171436309300177
30.0,8,0.45257984659924055
30.0,8,0.40247269126936747
30.0,8,0.08074618915809939
30.0,8,0.17582769454466707
30.0,8,0.2618696298303149
30.0,8,0.6963618561948808
30.0,8,0.2655858483041129
30.0,8,0.06797810678974692
30.0,8,0.03579163377719219
30.0,8,0.5979252691569297
30.0,8,0.6684780260415515
30.0,8,0.1309677978682604
30.0,8,0.12699284915360032
30.0,8,0.0001267954163735041
30.0,8,0.3466756643051774
30.0,8,0.30879557395104484
30.0,8,0.5096078769551236
30.0,8,0.033776312119900176
30.0,8,0.08547756613961255
30.0,8,0.27532291054866853
30.0,8,0.06086144424552664
30.0,8,0.42393951807076746
30.0,8,0.28118503536845374
30.0,8,0.06241629539715454
30.0,8,0.3371592081086181
30.0,8,0.47678185816887897
30.0,8,0.2284045092337692
30.0,8,0.7229000481043837
30.0,8,0.03361553935251216
30.0,8,0.4402319752652133
30.0,8,1.4203260470448615
30.0,8,0.13742950011842403
30.0,8,0.3392438645064111
30.0,8,0.3331188705236414
30.0,8,0.40510839023458445
30.0,8,0.2565970447447894
30.0,8,0.6702245914424667
30.0,8,0.09822750324442886
30.0,8,0.6373353600786116
30.0,8,0.5080361975302203
30.0,8,0.30536483866787023
30.0,8,0.3290642525462939
30.0,8,0.760271360142041
30.0,8,0.33236646407826953
30.0,8,0.0009559036564459333
30.0,8,0.3141379058698881
30.0,8,0.0612260746243507
30.0,8,0.4756970488670582
40.0,8,0.20749387866857383
40.0,8,1.0946903893256463
40.0,8,1.1630873152856882
40.0,8,0.5183847268974606
40.0,8,0.13071149779111746
40.0,8,0.0046013018456001475
40.0,8,0.16861056510432437
40.0,8,0.676049384163961
40.0,8,0.07750293152305687
40.0,8,0.5678428955748922
40.0,8,0.2871371905062823
40.0,8,0.023735124077907344
40.0,8,0.5541632918439454
40.0,8,0.8522205208097562
40.0,8,0.13981504350181062
40.0,8,1.031262317665381
40.0,8,0.26230950226097605
40.0,8,0.3953010950250375
40.0,8,0.13903868356593296
40.0,8,0.1023522699546886
40.0,8,0.722584488901731
40.0,8,0.057026707545262845
40.0,8,0.34485456646933166
40.0,8,0.4632174487579164
40.0,8,0.12009489762956882
40.0,8,0.3983285733981754
40.0,8,0.19906124771668843
40.0,8,0.8506886799596138
40.0,8,0.20606837909892484
40.0,8,0.5862157894532762
40.0,8,0.22585321098756506
40.0,8,0.1763105686879376
40.0,8,0.8588833297249892
40.0,8,0.7672612166428188
40.0,8,0.5198993648336074
40.0,8,0.5851604976196496
40.0,8,0.7288385933199404
40.0,8,1.3625490818020554
40.0,8,0.29852208513348977
40.0,8,0.5082770855962835
40.0,8,0.07080481665711158
40.0,8,0.7237658446425135
40.0,8,0.5921883703063191
40.0,8,0.0070001977706422025
40.0,8,0.2079063420947289
40.0,8,0.5521423266521204
40.0,8,0.6142136674711995
40.0,8,0.1806260975434082
40.0,8,0.3022969550779937
40.0,8,0.4656498215681495
40.0,8,0.24519066948427426
40.0,8,0.27455992370965543
40.0,8,0.05819196189132292
40.0,8,1.223684711569243
40.0,8,0.08674485161951395
40.0,8,0.09133249972244517
40.0,8,0.49613506711530064
40.0,8,0.05960741808672054
40.0,8,0.35627217245615483
40.0,8,0.15195233522453755
40.0,8,1.1507814541922006
40.0,8,0.6488963473863336
40.0,8,0.5654853007761496
40.0,8,0.07063628622689855
40.0,8,0.45661458339495287
40.0,8,0.3123484552269362
40.0,8,0.2865711504842512
40.0,8,0.262988204883289
40.0,8,0.5258608710162775
40.0,8,0.47685404026387346
40.0,8,0.048241024646824116
40.0,8,0.33733300915200637
40.0,8,0.41263561218731937
40.0,8,0.5643428249852862
40.0,8,0.01833491402395282
40.0,8,0.1516351913180376
40.0,8,0.7580905782053122
40.0,8,0.1090670136155163
40.0,8,0.36210140611930175
40.0,8,0.10228549411786503
40.0,8,0.3557579849018815
40.0,8,0.4396353611556503
40.0,8,0.13278782894760788
40.0,8,0.09393836125347121
40.0,8,0.08848538648577975
40.0,8,0.6915421307144767
40.0,8,1.059102826314847
40.0,8,0.9663425041983125
40.0,8,0.41623691939541185
40.0,8,0.06234833663815742
40.0,8,1.0117989575607105
40.0,8,0.49877180866929294
40.0,8,0.4835709714079357
40.0,8,0.009701304188260984
40.0,8,1.079543099048509
40.0,8,0.4113382493881863
40.0,8,0.23924316523205125
40.0,8,0.1892186291276765
40.0,8,0.5863841567776218
40.0,8,0.016278440678485495
50.0,8,0.10301212722762898
50.0,8,1.1682130445282919
50.0,8,0.6816002097094724
50.0,8,1.3883734048516816
50.0,8,0.8114668530355011
50.0,8,0.21487583710237423
50.0,8,0.3743105144881502
50.0,8,0.23746312275749126
50.0,8,0.49540199402811336
50.0,8,0.6285470486723161
50.0,8,0.7891701415967143
50.0,8,0.3873238950814013
50.0,8,0.39036713784814125
50.0,8,0.6377417900115372
50.0,8,0.711240452264879
50.0,8,1.4285758379886575
50.0,8,0.36909219417480355
50.0,8,0.09708626727748637
50.0,8,0.4443664393283209
50.0,8,0.09909225561307888
50.0,8,0.7454934297890308
50.0,8,0.5658158921347276
50.0,8,0.34510609768153255
50.0,8,0.22005932935103267
50.0,8,0.7391689306489653
50.0,8,1.0493803993589212
50.0,8,0.7031223507205411
50.0,8,0.7550274191729685
50.0,8,0.7001816777247285
50.0,8,0.41487468529826277
50.0,8,0.6750443355291162
50.0,8,0.43141192375741877
50.0,8,0.5542252111123789
50.0,8,0.7333766708712988
50.0,8,0.36330863586636575
50.0,8,0.2791614000563065
50.0,8,0.948106130468994
50.0,8,1.0237958417908732
50.0,8,0.5108269171304869
50.0,8,0.13212560603115886
50.0,8,0.09926304909722994
50.0,8,0.6229950421552681
50.0,8,0.7894091092474245
50.0,8,0.07498307316063446
50.0,8,0.36575129053217825
50.0,8,0.9638881490379996
50.0,8,0.09483205899357205
50.0,8,1.0357696936435463
50.0,8,0.07171455214515987
50.0,8,0.7417214437482995
50.0,8,0.6028378520763509
50.0,8,0.2530561511361551
50.0,8,0.034089292072868815
50.0,8,1.4377870823105976
50.0,8,0.006459200825787548
50.0,8,0.32103686688618804
50.0,8,0.7390272902246044
50.0,8,0.47481274588625766
50.0,8,0.6402265494014081
50.0,8,0.2853305470895604
50.0,8,1.1831996351576874
50.0,8,0.8735877035256667
50.0,8,0.09729114589926091
50.0,8,0.06396862461088304
50.0,8,0.03322966759737156
50.0,8,0.6275996473377461
50.0,8,0.037552166016029176
50.0,8,0.15260889410693146
50.0,8,0.3753875641900182
50.0,8,1.2801550453802157
50.0,8,0.2702152013372654
50.0,8,0.17421080551287638
50.0,8,0.16013883827576603
50.0,8,0.8232011459978841
50.0,8,0.2908613127337665
50.0,8,0.08988030670364466
50.0,8,0.012813660752132527
50.0,8,0.41503183100651153
50.0,8,0.9709294109652316
50.0,8,0.3764741238270233
50.0,8,0.45662631883502236
50.0,8,0.45316977342219644
50.0,8,0.1797397526379445
50.0,8,0.4901810323386977
50.0,8,0.4347697970627422
50.0,8,1.2616792870178344
50.0,8,1.1236667148548083
50.0,8,1.736656192378172
50.0,8,0.27797566794827944
50.0,8,0.2374121163938856
50.0,8,0.8874705299143573
50.0,8,0.2771551548947677
50.0,8,0.24733297068531535
50.0,8,0.7197675285574903
50.0,8,1.0843284448746022
50.0,8,0.3144826011424593
50.0,8,0.8590088110901561
50.0,8,0.8122398218314766
50.0,8,0.8155103212667498
50.0,8,0.3765688282904023
60.0,8,0.23076466807389906
60.0,8,1.3800363393679964
60.0,8,0.3940008106394277
60.0,8,1.6342946017215638
60.0,8,0.02139152669785549
60.0,8,0.1780670207115147
60.0,8,0.19790626829008673
60.0,8,0.7743489871219635
60.0,8,0.8103186929785595
60.0,8,0.7704850519902813
60.0,8,1.4281042268338044
60.0,8,0.48427208756213247
60.0,8,0.6535380197639942
60.0,8,0.6129572450251572
60.0,8,0.4046184394744312
60.0,8,1.373800712568217
60.0,8,0.5418433396041156
60.0,8,0.6792984125032557
60.0,8,0.3053019525215399
60.0,8,0.0424410902898229
60.0,8,1.0394537897987597
60.0,8,0.22402627953706666
60.0,8,1.1264075538946816
60.0,8,0.5484668359539251
60.0,8,1.0721728257872458
60.0,8,0.4837581846472361
60.0,8,0.25633825507128005
60.0,8,0.35557830875849206
60.0,8,0.24296742253831027
60.0,8,0.4251242540083222
60.0,8,0.8368284411184215
60.0,8,1.0265402009439475
60.0,8,0.45758396802422574
60.0,8,0.7103882504525929
60.0,8,0.514301200292623
60.0,8,0.7735387430704375
60.0,8,0.1464580161540372
60.0,8,0.6371347104255412
60.0,8,0.7849878676489741
60.0,8,0.14081719767331524
60.0,8,0.5292978006460611
60.0,8,0.309308930258835
60.0,8,0.11414533731161569
60.0,8,0.8709274914693266
60.0,8,0.13939798206050558
60.0,8,1.3669364359602563
60.0,8,0.5639804204802346
60.0,8,1.6923559599903646
60.0,8,0.1579571032911744
60.0,8,0.5992228777910089
60.0,8,0.6171122610948387
60.0,8,0.203435807802828
60.0,8,0.4737279426940395
60.0,8,1.409252686301322
60.0,8,0.05241504006884412
60.0,8,1.2397332090624014
60.0,8,1.1189444430607143
60.0,8,0.0980963941837194
60.0,8,0.5917720423645498
60.0,8,0.2500557435117621
60.0,8,1.927830049472778
60.0,8,1.3901887456354558
60.0,8,1.3815029041008486
60.0,8,0.7187798905419935
60.0,8,0.016906398128671007
60.0,8,0.5834188408371208
60.0,8,0.2822626558847432
60.0,8,0.08071519651809478
60.0,8,0.33373986705692893
60.0,8,0.9816117729197149
60.0,8,0.3826001595281445
60.0,8,0.7001723691155108
60.0,8,0.32444845928937127
60.0,8,0.7135979591970614
60.0,8,0.5865874034808618
60.0,8,0.19577358327981642
60.0,8,0.057438030387322314
60.0,8,0.1872814475893616
60.0,8,1.1402931941499332
60.0,8,0.5379499927845988
60.0,8,0.4934826958072467
60.0,8,0.2979022817302681
60.0,8,0.18737402417101734
60.0,8,0.18590499996977083
60.0,8,0.3139693478359895
60.0,8,0.12112102065911579
60.0,8,1.3701320280954636
60.0,8,1.5412012279957272
60.0,8,0.27522938399146835
60.0,8,0.04811399686352136
60.0,8,0.9067107803884387
60.0,8,1.8483718638236173
60.0,8,0.46757820690582363
60.0,8,0.6041494572797648
60.0,8,1.404366992648967
60.0,8,0.6172316664986335
60.0,8,0.22760356796925763
60.0,8,0.03872370216886889
60.0,8,0.650007508419721
60.0,8,1.4234245231636438
70.0,8,1.329686523276341
70.0,8,1.8213977433445563
70.0,8,0.3401104075463577
70.0,8,2.4569719723561505
70.0,8,0.6874420208328953
70.0,8,0.4777058780940351
70.0,8,0.21891953766370786
70.0,8,0.21735759466076132
70.0,8,0.9739171225481975
70.0,8,0.5743643042977773
70.0,8,1.676278609316749
70.0,8,1.6870542695879136
70.0,8,0.2388816459089398
70.0,8,0.26744863254230467
70.0,8,0.00542019860213383
70.0,8,1.3933479097637713
70.0,8,0.6334542142532937
70.0,8,0.4510673293218108
70.0,8,0.33404505926540295
70.0,8,0.36999598579286896
70.0,8,1.5693357071388778
70.0,8,0.18388939385578595
70.0,8,1.073419002991133
70.0,8,0.35033471974819275
70.0,8,0.443377876727709
70.0,8,0.8605895423030718
70.0,8,1.2679506186526375
70.0,8,0.9483505205400142
70.0,8,0.511865956388811
70.0,8,0.8045693140527987
70.0,8,0.15954238685787558
70.0,8,1.290592141580876
70.0,8,0.3492254307988141
70.0,8,0.76760281275432
70.0,8,0.6421723026084027
70.0,8,1.448718139140734
70.0,8,0.1935204689213954
70.0,8,0.3364026641093396
70.0,8,1.1203854168949476
70.0,8,0.7944440799214991
70.0,8,0.670488089975489
70.0,8,0.9912571967049146
70.0,8,0.21958461765814796
70.0,8,2.0561681982410454
70.0,8,0.7415450982130443
70.0,8,1.859962425150158
70.0,8,0.47529390640849023
70.0,8,1.021355355844607
70.0,8,0.3936370084026244
70.0,8,0.4039711978827638
70.0,8,1.6341977847676397
70.0,8,0.587979528299865
70.0,8,0.8497383282936184
70.0,8,1.2435549705672653
70.0,8,0.2480551986806674
70.0,8,1.8562777005451898
70.0,8,0.8451057503097239
70.0,8,0.679848854192521
70.0,8,0.6207664081971629
70.0,8,0.8914393003040839
70.0,8,1.442612965100591
70.0,8,1.6298247558188694
70.0,8,1.5261304598562777
70.0,8,0.13085168811876624
70.0,8,0.7349012368867918
70.0,8,0.17385738428473907
70.0,8,0.18818982731605338
70.0,8,0.2348786902040505
70.0,8,0.15755336246112872
70.0,8,1.2546666019707615
70.0,8,1.3574686299194951
70.0,8,0.559736778413674
70.0,8,0.1252170089586908
70.0,8,0.5304749460250786
70.0,8,0.5645813246114884
70.0,8,0.264883813510294
70.0,8,0.5383754089454271
70.0,8,0.42499441441489516
70.0,8,0.7198058449695459
70.0,8,0.02064816158349636
70.0,8,0.003995131324264989
70.0,8,0.1891549973639508
70.0,8,0.8081756853757174
70.0,8,0.08107394792693245
70.0,8,0.16206542245227595
70.0,8,0.1911265270266611
70.0,8,1.0459643756379027
70.0,8,0.7480255956190245
70.0,8,0.0974310142992234
70.0,8,0.7713998164336795
70.0,8,1.5553968647035141
70.0,8,1.9550025234844925
70.0,8,0.4494759349403772
70.0,8,0.38781235371818035
70.0,8,2.2079919757386626
70.0,8,1.33307170376702
70.0,8,0.45889175679261385
70.0,8,0.26104076641772167
70.0,8,0.3111147221569075
70.0,8,1.4121272241854594
80.0,8,0.2517384357435155
80.0,8,0.47679282519162314
80.0,8,0.04874412755941471
80.0,8,1.5750038744017782
80.0,8,1.1072050699368932
80.0,8,0.49962671824600413
80.0,8,0.2722522331686017
80.0,8,0.1567964080242623
80.0,8,1.105517487959375
80.0,8,0.5945447362548721
80.0,8,1.8566995714533032
80.0,8,1.8691393076866678
80.0,8,0.1922485864656629
80.0,8,0.4271317054291943
80.0,8,0.3486831042005303
80.0,8,1.1505518564805364
80.0,8,1.8142314995121644
80.0,8,0.49159120356237196
80.0,8,0.2874422694581984
80.0,8,1.483262569608213
80.0,8,1.3843506233703264
80.0,8,1.0631251969370972
80.0,8,1.1955204980132397
80.0,8,0.06892399688988782
80.0,8,2.014489764453357
80.0,8,0.22950402868167608
80.0,8,1.3059790122838901
80.0,8,2.0693747025198004
80.0,8,0.5609250515118704
80.0,8,0.858026244092061
80.0,8,0.9244261930301407
80.0,8,1.424311212629111
80.0,8,0.2570657973808661
80.0,8,0.09156947411841987
80.0,8,0.22013412303940605
80.0,8,1.263026628442681
80.0,8,0.25542879260347284
80.0,8,1.0087919201819275
80.0,8,0.025704245435250073
80.0,8,1.3718713789117185
80.0,8,2.477860128571116
80.0,8,0.33095094356193044
80.0,8,0.9220042590039021
80.0,8,2.1297975199793298
80.0,8,1.9303392746529582
80.0,8,1.645212431631319
80.0,8,0.5970890525086681
80.0,8,1.714492434843729
80.0,8,1.3904361918689938
80.0,8,0.7702792387358945
80.0,8,1.2187525207655456
80.0,8,0.4094087518004548
80.0,8,1.5159651341119629
80.0,8,1.9633819961423473
80.0,8,0.6002431114724933
80.0,8,0.8055125105621874
80.0,8,1.8807048692636608
80.0,8,0.7149160486987647
80.0,8,0.3873736914782828
80.0,8,1.0656612292426981
80.0,8,2.3353275454293607
80.0,8,0.37528022702611796
80.0,8,1.8966234394040722
80.0,8,0.251289896876429
80.0,8,0.6490810978012709
80.0,8,1.3974268841056139
80.0,8,0.6144375555723212
80.0,8,0.8212244745130501
80.0,8,0.7476161545855131
80.0,8,1.6330945807204076
80.0,8,0.056660105072515066
80.0,8,0.5594347585971517
80.0,8,0.07871733149916338
80.0,8,0.8012058042277612
80.0,8,0.0739971093853189
80.0,8,1.0270226850860364
80.0,8,0.6723687190421739
80.0,8,0.22138895479686393
80.0,8,0.7188308608064133
80.0,8,0.4887209903363914
80.0,8,0.23546574590790748
80.0,8,0.8976535688786296
80.0,8,0.8708546133512147
80.0,8,1.386449302372048
80.0,8,0.6851212274719742
80.0,8,0.026022128200017036
80.0,8,1.102091552036332
80.0,8,2.1449210540094112
80.0,8,0.12929107587903843
80.0,8,0.18683826824769767
80.0,8,0.6067531324889757
80.0,8,1.457156464942777
80.0,8,0.3476314590577916
80.0,8,1.5129356517987738
80.0,8,1.0869240885596394
80.0,8,1.4974899219605842
80.0,8,0.006693536336214834
80.0,8,0.2116712545012911
80.0,8,0.8048791632916981
80.0,8,1.217043697424331
90.0,8,0.6617642396520669
90.0,8,0.4944048110242498
90.0,8,0.9797420061985394
90.0,8,6.008883193005781
90.0,8,4.842410423908566
90.0,8,2.194582886107481
90.0,8,0.5062324007245582
90.0,8,0.7180759253601785
90.0,8,0.06744682217188647
90.0,8,1.3632662967974971
90.0,8,0.38200904709233363
90.0,8,3.7571372847959204
90.0,8,0.33182239825896875
90.0,8,1.0200804594228732
90.0,8,0.4091375792852343
90.0,8,2.2599144123651334
90.0,8,4.081981646846401
90.0,8,0.21405951692383063
90.0,8,1.0790020922991639
90.0,8,1.1178809116062318
90.0,8,1.1613600061964764
90.0,8,1.4125703047322835
90.0,8,0.39377493939162456
90.0,8,0.6899683394170619
90.0,8,1.6888770246382236
90.0,8,0.02287346959867964
90.0,8,0.6563864756969613
90.0,8,5.112869018532415
90.0,8,4.964451771299792
90.0,8,4.230143358553008
90.0,8,0.698908371176131
90.0,8,1.1040054252926748
90.0,8,1.1983016929202774
90.0,8,0.4554933597995481
90.0,8,0.8966315867946504
90.0,8,1.6024000096825146
90.0,8,2.331010525684298
90.0,8,1.325718251352619
90.0,8,0.13775183351581344
90.0,8,1.9332215064433989
90.0,8,4.198301631220966
90.0,8,1.3365211518074522
90.0,8,1.1392103111303102
90.0,8,1.2023974829373092
90.0,8,1.7408120300441183
90.0,8,0.5464654429463423
90.0,8,0.38549495770014097
90.0,8,1.5347734222867038
90.0,8,0.7429353180231661
90.0,8,0.07534564272559763
90.0,8,1.5850310984886313
90.0,8,0.6680114376435302
90.0,8,0.6296534880742097
90.0,8,1.2633523205723156
90.0,8,0.35899700360171316
90.0,8,0.5211486720029956
90.0,8,0.39767341694656544
90.0,8,0.865792273957263
90.0,8,1.941411118603377
90.0,8,0.22722147461938125
90.0,8,2.8416313883621918
90.0,8,1.5269762667694433
90.0,8,0.8029557838927861
90.0,8,1.0925409833889814
90.0,8,1.3349639840302086
90.0,8,1.3047833860106683
90.0,8,0.27883829343985234
90.0,8,3.462412437527682
90.0,8,0.7972290518880101
90.0,8,2.628827177650047
90.0,8,0.9427113239608849
90.0,8,1.2698702366585284
90.0,8,1.9237448193871907
90.0,8,0.658358386661118
90.0,8,0.6399927596120571
90.0,8,1.1973027972829895
90.0,8,0.2033600868837393
90.0,8,3.5344497112496462
90.0,8,0.17426921038502918
90.0,8,0.8385849155655745
90.0,8,0.6757079958675396
90.0,8,2.0672015500086705
90.0,8,1.14309928201778
90.0,8,0.6140702087617349
90.0,8,0.9961951360526893
90.0,8,1.461850454657803
90.0,8,0.8077090143644616
90.0,8,1.8907997710904567
90.0,8,1.2355028826122245
90.0,8,0.7470342058501176
90.0,8,2.384831441194466
90.0,8,0.5380812096132663
90.0,8,0.3560880477399362
90.0,8,1.0637009233952783
90.0,8,0.7536007077944076
90.0,8,2.6641267628695466
90.0,8,3.531517929090466
90.0,8,0.301648660258401
90.0,8,1.6597306754947208
90.0,8,1.4844175390041068
0,10,0.0
0,10,0.0
0,10,0.0
0,10,0.0
0,10,0.0
0,10,0.0
0,10,0.0
0,10,0.0
0,10,0.0
0,10,0.0
0,10,0.0
0,10,0.0
0,10,0.0
0,10,0.0
0,10,0.0
0,10,0.0
0,10,0.0
0,10,0.0
0,10,0.0
0,10,0.0
0,10,0.0
0,10,0.0
0,10,0.0
0,10,0.0
0,10,0.0
0,10,0.0
0,10,0.0
0,10,0.0
0,10,0.0
0,10,0.0
0,10,0.0
0,10,0.0
0,10,0.0
0,10,0.0
0,10,0.0
0,10,0.0
0,10,0.0
0,10,0.0
0,10,0.0
0,10,0.0
0,10,0.0
0,10,0.0
0,10,0.0
0,10,0.0
0,10,0.0
0,10,0.0
0,10,0.0
0,10,0.0
0,10,0.0
0,10,0.0
0,10,0.0
0,10,0.0
0,10,0.0
0,10,0.0
0,10,0.0
0,10,0.0
0,10,0.0
0,10,0.0
0,10,0.0
0,10,0.0
0,10,0.0
0,10,0.0
0,10,0.0
0,10,0.0
0,10,0.0
0,10,0.0
0,10,0.0
0,10,0.0
0,10,0.0
0,10,0.0
0,10,0.0
0,10,0.0
0,10,0.0
0,10,0.0
0,10,0.0
0,10,0.0
0,10,0.0
0,10,0.0
0,10,0.0
0,10,0.0
0,10,0.0
0,10,0.0
0,10,0.0
0,10,0.0
0,10,0.0
0,10,0.0
0,10,0.0
0,10,0.0
0,10,0.0
0,10,0.0
0,10,0.0
0,10,0.0
0,10,0.0
0,10,0.0
0,10,0.0
0,10,0.0
0,10,0.0
0,10,0.0
0,10,0.0
0,10,0.0
10.0,10,0.11848836641705951
10.0,10,0.6692746667429521
10.0,10,0.2632783406503645
10.0,10,0.037684376562116206
10.0,10,0.04988166382754322
10.0,10,0.008078762432248254
10.0,10,1.0726354045119955
10.0,10,0.2690631174031397
10.0,10,0.03337321427387341
10.0,10,0.37410548511808894
10.0,10,0.3040918277223872
10.0,10,0.22236846332986993
10.0,10,0.001941447435448218
10.0,10,0.6711142544478985
10.0,10,0.33719698637527173
10.0,10,0.5076564047191301
10.0,10,0.1827673086006385
10.0,10,0.043726775398327256
10.0,10,0.298210618456193
10.0,10,0.23794555558492547
10.0,10,0.02147711343721781
10.0,10,0.3211599627712074
10.0,10,0.15801949924789582
10.0,10,0.0066217529487886395
10.0,10,0.057883771774604575
10.0,10,0.22618883581189397
10.0,10,0.13526508343455745
10.0,10,0.18224761666884515
10.0,10,0.2386622071547766
10.0,10,0.3417996941079231
10.0,10,0.21207151741169028
10.0,10,0.31814388869200805
10.0,10,0.021720304531306134
10.0,10,0.24873558859439449
10.0,10,0.031241506867980995
10.0,10,0.1066508702869271
10.0,10,0.011815833862100611
10.0,10,0.08271487884522255
10.0,10,0.2707326394814853
10.0,10,0.12754673849889553
10.0,10,0.13094974057200837
10.0,10,0.4603855984411176
10.0,10,0.14684534659388504
10.0,10,0.10879390703716219
10.0,10,0.03504432199117957
10.0,10,0.21256509711549665
10.0,10,0.23034054579331809
10.0,10,0.8652573493015359
10.0,10,0.07031310736357455
10.0,10,0.30101908120794896
10.0,10,0.2632920724283494
10.0,10,0.06305340512662472
10.0,10,0.12241302996466707
10.0,10,0.2729079088505424
10.0,10,0.282899978946765
10.0,10,0.08642935840015031
10.0,10,0.0030128064671357535
10.0,10,0.21943361786702287
10.0,10,0.10508547441258909
10.0,10,0.10089004673187496
10.0,10,0.02258508435993889
10.0,10,0.3460838165229916
10.0,10,0.1262336873088259
10.0,10,0.06386250598823917
10.0,10,0.1878570826727426
10.0,10,0.09039826109030358
10.0,10,0.06779012993030609
10.0,10,0.23582963381678823
10.0,10,0.41847056197911403
10.0,10,0.2099067938338086
10.0,10,0.2097948776709746
10.0,10,0.17648306797426017
10.0,10,0.06358154552912598
10.0,10,0.04693051890641087
10.0,10,0.0005643092814606732
10.0,10,0.12477512756939735
10.0,10,0.15453646815797129
10.0,10,0.10530232918125737
10.0,10,0.37667542435696877
10.0,10,0.1613658525544679
10.0,10,0.05205461508578679
10.0,10,0.18262919108959785
10.0,10,0.005824060952416055
10.0,10,0.15671869984000342
10.0,10,0.03364814447076547
10.0,10,0.19230416502845316
10.0,10,0.1628475368703599
10.0,10,0.08557399187509773
10.0,10,0.06709466785104201
10.0,10,0.08760004732790883
10.0,10,0.22410318608288549
10.0,10,0.15535441502952718
10.0,10,0.3565717562056143
10.0,10,0.000816331532895731
10.0,10,0.41450134881276046
10.0,10,0.21212678822239273
10.0,10,0.2569710452657734
10.0,10,0.15642482150956205
10.0,10,0.11592742068154127
10.0,10,0.3164805925425833
20.0,10,0.24749088628264904
20.0,10,1.4010920748901672
20.0,10,0.2533441162162795
20.0,10,0.1485540470425688
20.0,10,0.21124611681399408
20.0,10,0.38882764332912423
20.0,10,1.474545828503909
20.0,10,0.33128491851374076
20.0,10,0.0064210350278628425
20.0,10,0.5154020458308608
20.0,10,0.41022838066148193
20.0,10,0.3797158328756609
20.0,10,0.8464313777610029
20.0,10,0.6420915194324142
20.0,10,0.12094858215726667
20.0,10,0.3377758422520083
20.0,10,0.08112631295186823
20.0,10,0.2615014944103127
20.0,10,0.06752507608006297
20.0,10,0.11106595854956325
20.0,10,0.007172790469418544
20.0,10,0.03685804075958643
20.0,10,0.6577134398223912
20.0,10,0.22327285233116
20.0,10,0.2852780806660684
20.0,10,0.3021380255919839
20.0,10,0.08755631209867243
20.0,10,0.4704126923162226
20.0,10,0.2661994072554563
20.0,10,0.4174736163056245
20.0,10,0.28203389029827797
20.0,10,0.062352836978117665
20.0,10,0.08766898409444313
20.0,10,0.0009791058358272764
20.0,10,0.14391832009265748
20.0,10,0.04173195579888045
20.0,10,0.1943595224409096
20.0,10,0.1413614195072075
20.0,10,0.25746714643211366
20.0,10,0.6423206459080957
20.0,10,0.09494572349722219
20.0,10,0.4096692703774387
20.0,10,0.2821077911956298
20.0,10,0.23502589294938936
20.0,10,0.22966991881351984
20.0,10,0.4652057912496925
20.0,10,0.4461969441606026
20.0,10,0.7897733442556865
20.0,10,0.2239427750009355
20.0,10,0.23538063046006563
20.0,10,0.3966755720664237
20.0,10,0.10071769756409488
20.0,10,0.312141080427061
20.0,10,0.2917233170504625
20.0,10,0.0996721921738013
20.0,10,0.22750033667633573
20.0,10,0.11521081460908711
20.0,10,0.7034110787003156
20.0,10,0.2026359648572944
20.0,10,0.21672866855803363
20.0,10,0.2170426536483685
20.0,10,0.3635093513825334
20.0,10,0.32657141926357625
20.0,10,0.11212962096217449
20.0,10,0.03514220341665908
20.0,10,0.19960784892493155
20.0,10,0.08476088778195212
20.0,10,0.27781329955309975
20.0,10,0.3688465382268191
20.0,10,0.030010953746963054
20.0,10,0.24801246990412196
20.0,10,0.4644703987880119
20.0,10,0.3366096099451079
20.0,10,0.2335933746718748
20.0,10,0.2809242598819939
20.0,10,0.4055068637122208
20.0,10,0.12400112206000813
20.0,10,0.09828671923377108
20.0,10,0.5210550355700416
20.0,10,0.4136438209295852
20.0,10,0.139677888989711
20.0,10,0.75592395586383
20.0,10,0.6414312378295026
20.0,10,0.7246029566072725
20.0,10,0.22225154813436632
20.0,10,0.26623465574126914
20.0,10,0.10141617209628251
20.0,10,0.006250463087368985
20.0,10,0.2252943319958307
20.0,10,0.08099374854463992
20.0,10,0.42256419442663695
20.0,10,0.509582871913139
20.0,10,0.1652014783681537
20.0,10,0.02004880407714804
20.0,10,0.6859082367737264
20.0,10,0.1437370104215745
20.0,10,0.04636741182128734
20.0,10,0.03189386234011504
20.0,10,0.3754591985966824
20.0,10,0.23172846031083427
30.0,10,0.047695070766520686
30.0,10,1.9850054247759878
30.0,10,0.040490212705952544
30.0,10,0.37750908401449923
30.0,10,0.38202781715629364
30.0,10,0.5688527725246892
30.0,10,1.308203680156831
30.0,10,0.32319793780226735
30.0,10,0.13231090493379494
30.0,10,0.84380885661521
30.0,10,0.1076677210665391
30.0,10,0.5693346449650969
30.0,10,0.6432469024871024
30.0,10,0.3128045060690168
30.0,10,0.2252830176951246
30.0,10,1.1522915677550678
30.0,10,0.40532054749795954
30.0,10,0.5397104277509275
30.0,10,0.11699311672884516
30.0,10,0.18235717344813906
30.0,10,0.09429038064639705
30.0,10,0.6150557319772441
30.0,10,0.8649782294015029
30.0,10,0.3018606702905
30.0,10,0.04971424249458689
30.0,10,0.2148664229388917
30.0,10,0.6538094923722566
30.0,10,0.020985178076918132
30.0,10,0.5111865725194891
30.0,10,0.37961296524169175
30.0,10,0.2389554533620455
30.0,10,0.060957922786700536
30.0,10,0.1267500913020969
30.0,10,0.14311806002913752
30.0,10,0.1261626237576694
30.0,10,0.23140818470912272
30.0,10,0.18853583748478986
30.0,10,0.007928124197730924
30.0,10,0.3575171189045063
30.0,10,0.8147084974467704
30.0,10,0.5345654603716481
30.0,10,0.8376828465916493
30.0,10,0.20318392095779458
30.0,10,0.08336213315733332
30.0,10,0.34585522380165745
30.0,10,0.7042536993019359
30.0,10,0.8328143941617796
30.0,10,1.130241294668184
30.0,10,0.3605917753118364
30.0,10,0.33710960973570536
30.0,10,0.5812324513243219
30.0,10,0.027103468265358366
30.0,10,0.5726783125128323
30.0,10,0.32330164327577293
30.0,10,0.1252966200188661
30.0,10,0.18175884767350503
30.0,10,0.3168167352255411
30.0,10,0.706884231440398
30.0,10,0.36121495241427937
30.0,10,0.07191960496919059
30.0,10,0.028243138449701277
30.0,10,0.6703385787530767
30.0,10,0.6542641459906067
30.0,10,0.21018619339388955
30.0,10,0.11314891785410186
30.0,10,0.03739254000929382
30.0,10,0.4337994190320851
30.0,10,0.3543350265518139
30.0,10,0.4986543730708206
30.0,10,0.01787954141792536
30.0,10,0.07216491323809571
30.0,10,0.22518854953704626
30.0,10,0.017024975417522015
30.0,10,0.35054022927522066
30.0,10,0.2497701572763864
30.0,10,0.09702757205003643
30.0,10,0.3814897456170163
30.0,10,0.4917670705108499
30.0,10,0.35752058953490007
30.0,10,0.8820323666117114
30.0,10,0.019229371404252404
30.0,10,0.6246480270227286
30.0,10,1.5846382940751482
30.0,10,0.16474557868770567
30.0,10,0.3688079522011414
30.0,10,0.3016227376998888
30.0,10,0.45897395614780834
30.0,10,0.28318390965640994
30.0,10,0.5740812805402822
30.0,10,0.2477838220986408
30.0,10,0.7147513550431022
30.0,10,0.6590965578615373
30.0,10,0.3399829605751368
30.0,10,0.35539182413503045
30.0,10,0.8920544411569908
30.0,10,0.41828756760330066
30.0,10,0.19685045999947093
30.0,10,0.34310108710991205
30.0,10,0.0239990437208224
30.0,10,0.5141413407820439
40.0,10,0.3660382886579763
40.0,10,1.292369250545364
40.0,10,1.3371417267706445
40.0,10,0.48116261426573814
40.0,10,0.20406258466117766
40.0,10,0.014171444845000103
40.0,10,0.19731462011745293
40.0,10,0.6699834073399966
40.0,10,0.0498916705882575
40.0,10,0.6548893806256588
40.0,10,0.17754096976206046
40.0,10,0.015340476960727045
40.0,10,0.6546578210355225
40.0,10,0.985848979210715
40.0,10,0.2664947870828911
40.0,10,1.1324561380579397
40.0,10,0.1574682727992247
40.0,10,0.4445556007465594
40.0,10,0.1805169172719836
40.0,10,0.13631463648425957
40.0,10,0.7494457097253893
40.0,10,0.08188375106952517
40.0,10,0.4558811022074645
40.0,10,0.4343017500880588
40.0,10,0.2100312464289873
40.0,10,0.5316751855710171
40.0,10,0.11325502739159354
40.0,10,0.9491200048170771
40.0,10,0.14768057757365494
40.0,10,0.5919203252253311
40.0,10,0.3601681556213938
40.0,10,0.2562710677349198
40.0,10,1.0987970478083993
40.0,10,0.9054001128728268
40.0,10,0.5282732709166673
40.0,10,0.7021872318959383
40.0,10,0.7422764965294455
40.0,10,1.4689982113802538
40.0,10,0.3260205964753826
40.0,10,0.6042238773334816
40.0,10,0.023624810539933705
40.0,10,0.7869933406977285
40.0,10,0.7249829610973642
40.0,10,0.01610046026822154
40.0,10,0.24176555367402486
40.0,10,0.6028372293939706
40.0,10,0.5479758251386553
40.0,10,0.21602647173252798
40.0,10,0.33087055878182703
40.0,10,0.5169027366826802
40.0,10,0.22854423494650877
40.0,10,0.12515033788098684
40.0,10,0.12005223338786397
40.0,10,1.343091317344574
40.0,10,0.21828176307459746
40.0,10,0.14734032238061978
40.0,10,0.5172780635394405
40.0,10,0.028365060142011345
40.0,10,0.4799409986897736
40.0,10,0.10058475636308017
40.0,10,1.3292713983970517
40.0,10,0.734718371260966
40.0,10,0.6801788753374618
40.0,10,0.09670886305779991
40.0,10,0.5389748747680674
40.0,10,0.3458974805444148
40.0,10,0.417008543878576
40.0,10,0.27034077606511175
40.0,10,0.5701346104746232
40.0,10,0.6231483529562167
40.0,10,0.1283366351006121
40.0,10,0.3611026428837105
40.0,10,0.43531895453687586
40.0,10,0.6055505024792396
40.0,10,0.10440802894719514
40.0,10,0.06139191321874282
40.0,10,0.9179578200454239
40.0,10,0.1496730749320161
40.0,10,0.4485994587397908
40.0,10,0.1629598441589879
40.0,10,0.3187636426808389
40.0,10,0.489899319125759
40.0,10,0.06903285011886418
40.0,10,0.10508453426518649
40.0,10,0.06043295586540687
40.0,10,0.727535684953013
40.0,10,1.1511150480895056
40.0,10,1.1130844025379663
40.0,10,0.6207413330281879
40.0,10,0.1873216436313836
40.0,10,0.9730988072108557
40.0,10,0.6300508749185063
40.0,10,0.5951953111468216
40.0,10,0.00023473350780722768
40.0,10,1.1909933426080679
40.0,10,0.5247634484107877
40.0,10,0.39506466201745205
40.0,10,0.29846640890514653
40.0,10,0.5019540298440255
40.0,10,0.012515480449344807
50.0,10,0.1614860887563765
50.0,10,1.322396959481769
50.0,10,0.7619335143519983
50.0,10,1.547992622032944
50.0,10,1.0311429332516662
50.0,10,0.24038365254493677
50.0,10,0.3557085598772707
50.0,10,0.16863261928709683
50.0,10,0.5017155825409745
50.0,10,0.7337972851111809
50.0,10,0.659980361656574
50.0,10,0.5258755557432089
50.0,10,0.3620856454248589
50.0,10,0.7169429938289005
50.0,10,0.9286146604491208
50.0,10,1.4674450465880886
50.0,10,0.38623396048675485
50.0,10,0.06169554353105777
50.0,10,0.5352135515301706
50.0,10,0.12358854521540241
50.0,10,0.8908286267223824
50.0,10,0.7023517353278113
50.0,10,0.4989316085204685
50.0,10,0.1846326208563438
50.0,10,0.6845593591306205
50.0,10,1.2673365811302233
50.0,10,0.7652206866541205
50.0,10,0.7125933982924764
50.0,10,0.694588334844723
50.0,10,0.5415043569057794
50.0,10,0.9003431131982174
50.0,10,0.4403442108381288
50.0,10,0.7648701711025971
50.0,10,0.8664085626110625
50.0,10,0.37133283093451475
50.0,10,0.3847623136194027
50.0,10,1.0174513785995165
50.0,10,0.9496272111933548
50.0,10,0.6270311707285723
50.0,10,0.14218097299698407
50.0,10,0.23723011166808483
50.0,10,0.7160583202796218
50.0,10,0.9225009000968534
50.0,10,0.1679838166464016
50.0,10,0.39775014123942753
50.0,10,1.1933307790398926
50.0,10,0.04556111412626773
50.0,10,1.191804757308046
50.0,10,0.08541028261336336
50.0,10,0.7532785161941167
50.0,10,0.6922602819993386
50.0,10,0.18109724348822454
50.0,10,0.002164914746995983
50.0,10,1.631675170016532
50.0,10,0.1557226788637207
50.0,10,0.3671392175094832
50.0,10,0.9287624952297691
50.0,10,0.5421588279091187
50.0,10,0.6328145331243071
50.0,10,0.18169730422923447
50.0,10,1.3777447057285812
50.0,10,0.9623451845573099
50.0,10,0.1538054386851293
50.0,10,0.008997778128654765
50.0,10,0.03379603034747891
50.0,10,0.6929196761254097
50.0,10,0.08213212100543998
50.0,10,0.13803978930241545
50.0,10,0.3799977492506912
50.0,10,1.4892166592577762
50.0,10,0.31036624465531304
50.0,10,0.1666578883348011
50.0,10,0.14631926061908107
50.0,10,0.8671090545326932
50.0,10,0.2078550674352524
50.0,10,0.16496305655359045
50.0,10,0.08438445752698343
50.0,10,0.49984966889981575
50.0,10,1.1186492294252535
50.0,10,0.412268484523552
50.0,10,0.5207372036901852
50.0,10,0.5227834584025084
50.0,10,0.21855515043833673
50.0,10,0.560525203995442
50.0,10,0.4257959663505897
50.0,10,1.3338436997062741
50.0,10,1.2958427859015718
50.0,10,2.043031145995592
50.0,10,0.4927901114594331
50.0,10,0.14815309554238443
50.0,10,0.8133806999257516
50.0,10,0.3528123967202923
50.0,10,0.20458196868759337
50.0,10,0.8126249235996852
50.0,10,1.2616839391690107
50.0,10,0.35050213711987155
50.0,10,1.039342108700052
50.0,10,1.0017180028283468
50.0,10,0.8372047601612831
50.0,10,0.3807843111079876
60.0,10,0.148247526557018
60.0,10,1.5563092692723588
60.0,10,0.4530302121739558
60.0,10,1.7850114664302623
60.0,10,0.26815923080152704
60.0,10,0.25946824509109145
60.0,10,0.18645546386130718
60.0,10,0.7472040157018185
60.0,10,0.8153967353634002
60.0,10,0.9094485467667965
60.0,10,1.408848647811479
60.0,10,0.3790047952130351
60.0,10,0.4324327165618804
60.0,10,0.8310992357867981
60.0,10,0.20627384534166548
60.0,10,1.4092709755288695
60.0,10,0.541900202481064
60.0,10,0.8167158611105698
60.0,10,0.4062541321054063
60.0,10,0.02999730655008115
60.0,10,1.187813155876925
60.0,10,0.28220633342861934
60.0,10,1.3236400094780345
60.0,10,0.5306433017146475
60.0,10,1.0824340661807454
60.0,10,0.6944216176772358
60.0,10,0.17401708723387266
60.0,10,0.3033308267938164
60.0,10,0.1959226929623492
60.0,10,0.49213976798885195
60.0,10,1.1437774186342216
60.0,10,1.0878448634476907
60.0,10,0.46459241719752953
60.0,10,0.9178251681237084
60.0,10,0.5843515261217753
60.0,10,0.9992377020623477
60.0,10,0.23960012049537482
60.0,10,0.6101729973259333
60.0,10,0.9486337588186808
60.0,10,0.11341658157383971
60.0,10,0.5089639974937565
60.0,10,0.31184245518212794
60.0,10,0.08260151239965374
60.0,10,1.0831477312307909
60.0,10,0.1769906102904084
60.0,10,1.6662211035908063
60.0,10,0.7464671041746902
60.0,10,1.865170943785511
60.0,10,0.11945804322589382
60.0,10,0.6540270577473573
60.0,10,0.7328892322123686
60.0,10,0.1383684498805655
60.0,10,0.4818511202407443
60.0,10,1.6507018746266935
60.0,10,0.13160754726835666
60.0,10,1.338786727053579
60.0,10,1.364964013979006
60.0,10,0.15947483815704633
60.0,10,0.6670315673595439
60.0,10,0.46847948896285807
60.0,10,2.1166900397666097
60.0,10,1.6121697440805471
60.0,10,1.5645873952024667
60.0,10,0.9020453431128557
60.0,10,0.1127297427314149
60.0,10,0.7388148927109324
60.0,10,0.21353605374002882
60.0,10,0.05651569595638595
60.0,10,0.25991119443374444
60.0,10,1.1133780402113977
60.0,10,0.27990720438923766
60.0,10,0.674973787371405
60.0,10,0.23069706394661615
60.0,10,0.8191957557235057
60.0,10,0.5757969098485898
60.0,10,0.2648952311825514
60.0,10,0.114250810768187
60.0,10,0.2695868054609116
60.0,10,1.2773615371098916
60.0,10,0.5778961607515862
60.0,10,0.4217368412992393
60.0,10,0.3925573208959783
60.0,10,0.24706086418894113
60.0,10,0.2635266299243533
60.0,10,0.21007674561991774
60.0,10,0.13708209760834045
60.0,10,1.6416220362364777
60.0,10,1.7842980660480512
60.0,10,0.5104528971521054
60.0,10,0.1297082028632861
60.0,10,0.6593025606757479
60.0,10,2.1639120695648195
60.0,10,0.40249161475717976
60.0,10,0.7276202555979099
60.0,10,1.6018383401637344
60.0,10,0.7634128777435532
60.0,10,0.3389009270358514
60.0,10,0.13296928582462364
60.0,10,0.6195294699231235
60.0,10,1.602352247865853
70.0,10,1.5000554848134486
70.0,10,2.0523043057088404
70.0,10,0.31269385545483175
70.0,10,2.64674903976824
70.0,10,0.500161668009981
70.0,10,0.462105294168933
70.0,10,0.2574171167274031
70.0,10,0.3842791521989817
70.0,10,0.9839204866730169
70.0,10,0.6284909039190989
70.0,10,1.8184985095152566
70.0,10,1.6153089043159436
70.0,10,0.5727445739672268
70.0,10,0.06340892169095547
70.0,10,0.33584934614809114
70.0,10,1.4497286549934953
70.0,10,0.5631163952376008
70.0,10,0.5609500173886968
70.0,10,0.43046433071382495
70.0,10,0.4745312372988497
70.0,10,1.8846075863484613
70.0,10,0.32688640415751014
70.0,10,1.3047862465539897
70.0,10,0.18085580690286296
70.0,10,0.3775665700087556
70.0,10,1.1513456295240223
70.0,10,1.1719283746688829
70.0,10,0.9125855467334443
70.0,10,0.4589859123982283
70.0,10,0.9232724127980179
70.0,10,0.40166936622123295
70.0,10,1.441084225908818
70.0,10,0.30759863730077175
70.0,10,1.0824245163031545
70.0,10,0.6215364996660755
70.0,10,1.7247716302461908
70.0,10,0.03671416939238803
70.0,10,0.38137834769102064
70.0,10,1.381175510526349
70.0,10,0.8152506591360895
70.0,10,0.5311548775022574
70.0,10,1.0322839760737423
70.0,10,0.3160424714244803
70.0,10,2.3460152946361705
70.0,10,0.8919795848845293
70.0,10,2.082098463653173
70.0,10,0.6316996357691531
70.0,10,1.0494835446425297
70.0,10,0.5554990736142944
70.0,10,0.26383800905272903
70.0,10,1.7964553848743634
70.0,10,0.7737236628240964
70.0,10,0.9378437996871778
70.0,10,1.487937865691741
70.0,10,0.23455037815545232
70.0,10,2.031488311373967
70.0,10,1.0607337576178528
70.0,10,0.8234307988395955
70.0,10,0.545729826402555
70.0,10,1.1189856470569488
70.0,10,1.576622469746244
70.0,10,1.848126340076596
70.0,10,1.7387262741082656
70.0,10,0.08616821662229324
70.0,10,0.7775572455403754
70.0,10,0.22426638609320548
70.0,10,0.25217061458968715
70.0,10,0.1798581603649838
70.0,10,0.1736034037399623
70.0,10,1.3922266335874616
70.0,10,1.3599367719941027
70.0,10,0.3761691400984315
70.0,10,0.09044916278553838
70.0,10,0.5633268631834394
70.0,10,0.5753476950325158
70.0,10,0.37741448776190367
70.0,10,0.6033776458177362
70.0,10,0.42661972190192454
70.0,10,0.6859973167047233
70.0,10,0.021972199543442095
70.0,10,0.08907611045462449
70.0,10,0.019694679338952525
70.0,10,0.9239147521987352
70.0,10,0.12362543521082792
70.0,10,0.2046726104216816
70.0,10,0.27522069948716243
70.0,10,1.3861449114008773
70.0,10,0.9411441391851252
70.0,10,0.11681556694296891
70.0,10,0.7303017461451384
70.0,10,1.4031595750353576
70.0,10,2.2467169733530277
70.0,10,0.44210462803658945
70.0,10,0.30358640864721576
70.0,10,2.4421056978270235
70.0,10,1.4313178670203808
70.0,10,0.45686558074458183
70.0,10,0.035758525446826894
70.0,10,0.4838372753556319
70.0,10,1.6427791181701528
80.0,10,0.5892246123197733
80.0,10,0.4237973395431638
80.0,10,0.117986046563189
80.0,10,1.4034490347935806
80.0,10,0.8307620937968423
80.0,10,0.544842288073764
80.0,10,0.4418591466597208
80.0,10,0.44890506553221066
80.0,10,1.3706035737835167
80.0,10,0.6931983916200597
80.0,10,1.9870738681460836
80.0,10,1.5796651704840956
80.0,10,0.2729446911759341
80.0,10,0.20146470500962899
80.0,10,0.6160964667550513
80.0,10,1.1069830560525755
80.0,10,1.8538181479807552
80.0,10,0.4212252298301111
80.0,10,0.5066291874962356
80.0,10,1.7861482031460083
80.0,10,1.7364779181873837
80.0,10,1.0534985632594314
80.0,10,1.4429556788816509
80.0,10,0.3942883725045574
80.0,10,1.8676285652870321
80.0,10,0.39549253207592105
80.0,10,1.2295895181639898
80.0,10,2.277485143948203
80.0,10,0.6646195379145654
80.0,10,0.9649685841078934
80.0,10,1.2545979395540403
80.0,10,1.6281940094549077
80.0,10,0.17210455586969964
80.0,10,0.1660769138251439
80.0,10,0.21889722745125262
80.0,10,1.4906072273466577
80.0,10,0.308452239029374
80.0,10,1.1723228342621042
80.0,10,0.20197281369682596
80.0,10,1.4725003564126835
80.0,10,2.4059253493690136
80.0,10,0.022282253909252425
80.0,10,1.0961419877421008
80.0,10,2.393690931047198
80.0,10,2.2791499294652016
80.0,10,1.9547654566195396
80.0,10,0.9085204654319101
80.0,10,1.9904639834943652
80.0,10,1.3877025335704332
80.0,10,1.0334481012348578
80.0,10,1.1729284061469443
80.0,10,0.5568410280945617
80.0,10,1.5844841395500033
80.0,10,2.0803125085369683
80.0,10,0.6160507182816852
80.0,10,1.0344050059592833
80.0,10,2.215626518881652
80.0,10,0.8766432506795709
80.0,10,0.6578342698328328
80.0,10,1.3406548416422828
80.0,10,2.58912487480017
80.0,10,0.5271799181972039
80.0,10,2.237099363667081
80.0,10,0.10410766815300221
80.0,10,0.7845891316515088
80.0,10,1.4463926498355288
80.0,10,0.69351379059745
80.0,10,0.8780395202566984
80.0,10,0.7566764865187485
80.0,10,1.9460534937852696
80.0,10,0.05841936459647812
80.0,10,0.2057510944155343
80.0,10,0.26638202311356096
80.0,10,0.8385450289280545
80.0,10,0.15129676258440838
80.0,10,1.1382417720818383
80.0,10,0.7395238225962064
80.0,10,0.4044599843005994
80.0,10,0.7284454749440865
80.0,10,0.6188769690705413
80.0,10,0.2897118910877259
80.0,10,0.8819565939735083
80.0,10,1.108108164635528
80.0,10,1.5416055556675499
80.0,10,0.870903369034508
80.0,10,0.045714404196826486
80.0,10,1.4167148879238294
80.0,10,2.48383293476246
80.0,10,0.1535276453285661
80.0,10,0.44758495011993116
80.0,10,0.2835986728729747
80.0,10,1.764622541248066
80.0,10,0.38717507225994297
80.0,10,1.6048327644520723
80.0,10,1.2717927946312448
80.0,10,1.5447196623190536
80.0,10,0.3234288805827621
80.0,10,0.07604347484557383
80.0,10,1.020832795116065
80.0,10,1.5432529375798323
90.0,10,0.5682316171158845
90.0,10,0.7203650385501028
90.0,10,0.78587744432755
90.0,10,6.412862330474169
90.0,10,4.909575050967241
90.0,10,2.3348666757392156
90.0,10,0.36685036268102067
90.0,10,0.9564008364091272
90.0,10,0.2990595123296895
90.0,10,1.149374998997863
90.0,10,0.576534220740041
90.0,10,3.849371145416143
90.0,10,0.010220422269438423
90.0,10,0.7897934889153682
90.0,10,0.6770511211870822
90.0,10,2.223833795268783
90.0,10,4.195155341995065
90.0,10,0.17448819996227805
90.0,10,1.1888572829283657
90.0,10,1.4110370228348676
90.0,10,0.9650970217608252
90.0,10,1.719289761612382
90.0,10,0.3315295607483195
90.0,10,0.5750699917743907
90.0,10,1.359189966484604
90.0,10,0.33280568959435186
90.0,10,0.5096951050491914
90.0,10,5.608472550929788
90.0,10,5.04401190187353
90.0,10,4.275643831850658
90.0,10,0.7552222269833395
90.0,10,1.1658826740151342
90.0,10,1.1467512934368251
90.0,10,0.13464445038654205
90.0,10,0.6115715669645505
90.0,10,1.9325416044819574
90.0,10,2.2848684312483076
90.0,10,1.6527777473057403
90.0,10,0.3570054533578251
90.0,10,1.7662160069622912
90.0,10,4.0821381340319025
90.0,10,1.0666724250676598
90.0,10,1.416383720917743
90.0,10,1.4228492048330352
90.0,10,1.5501454160815227
90.0,10,0.22832619321949998
90.0,10,0.5005041390276199
90.0,10,1.7099498607234516
90.0,10,1.005484841682133
90.0,10,0.08090295920165946
90.0,10,1.3804886737576014
90.0,10,0.3241336382030582
90.0,10,0.3528113260653365
90.0,10,1.0662940346294603
90.0,10,0.65920021221529
90.0,10,0.21987469772029833
90.0,10,0.09565485515142136
90.0,10,0.8858694517686816
90.0,10,2.281765443008618
90.0,10,0.5407026177346435
90.0,10,2.841810968169156
90.0,10,1.3689338633647496
90.0,10,1.0266845084084162
90.0,10,0.8466776783709022
90.0,10,1.5731433044408796
90.0,10,1.3534538702291705
90.0,10,0.29245073066656335
90.0,10,3.3190441042347594
90.0,10,1.05954129442926
90.0,10,2.78885389019225
90.0,10,0.8536383776332492
90.0,10,1.6089782117561064
90.0,10,2.2521156557113238
90.0,10,0.7074774642704025
90.0,10,0.42357095156948876
90.0,10,1.0813053550029412
90.0,10,0.0057599613240766345
90.0,10,3.682442274074882
90.0,10,0.15613473804936806
90.0,10,1.149225725724878
90.0,10,0.8385891311630376
90.0,10,1.7518005078347372
90.0,10,1.095343207164193
90.0,10,0.490877446433986
90.0,10,1.0839415093700548
90.0,10,1.6525681332682813
90.0,10,1.0853554653329764
90.0,10,2.199307715917474
90.0,10,0.9331175726850232
90.0,10,0.8465638017881565
90.0,10,2.1268853269420003
90.0,10,0.2991410235253218
90.0,10,0.0004543145402644555
90.0,10,0.7575037837236156
90.0,10,1.0512483672102464
90.0,10,2.4752809801625446
90.0,10,3.372925105432131
90.0,10,0.052584781987794926
90.0,10,1.9360178030933088
90.0,10,1.8398824922926114
